"","X","Year.Tag","Moved","First.Line","Second.Line","Year","Year.Line","Tags","Sex","Closest.Dist","Adj.Year.Avg.Abund","Adj.Line.Abund","Adj.Avg.Abund.z","Adj.Diff","Adj.Line.Abund.z","PI","Adj.Diff.z","Year.Numeric"
"1",1335,"2010-1311.1313","0","111",NA,"2010","2010-111","1311.1313","M",0.84576,7.659313725,11.45833333,-0.93795855,3.799019608,-0.630393884,"3",-0.0993675072648698,2010
"2",1336,"2010-1648.1649","0","304",NA,"2010","2010-304","1648.1649","F",0.65654,7.659313725,13.75,-0.93795855,6.090686275,-0.387341223,"3",0.214379074638961,2010
"3",1337,"2010-1680.1681","0","201",NA,"2010","2010-201","1680.1681","M",0.30549,7.659313725,28.95833333,-0.93795855,21.29901961,1.225644618,"3",2.29651548174425,2010
"4",1338,"2010-2012.2013","0","201",NA,"2010","2010-201","2012.2013","M",0.30549,7.659313725,28.95833333,-0.93795855,21.29901961,1.225644618,"3",2.29651548174425,2010
"5",1339,"2010-2026.2027","0","113",NA,"2010","2010-113","2026.2027","F",0.85448,7.659313725,9.791666667,-0.93795855,2.132352942,-0.807159455,"3",-0.327546839434104,2010
"6",1340,"2010-2030.2031","0","503",NA,"2010","2010-503","2030.2031","F",0.26938,7.659313725,4.791666667,-0.93795855,-2.867647058,-1.33745617,"3",-1.01208483621562,2010
"7",1341,"2010-2057.2056","0","304",NA,"2010","2010-304","2057.2056","M",0.65654,7.659313725,13.75,-0.93795855,6.090686275,-0.387341223,"3",0.214379074638961,2010
"8",1342,"2010-2060.2061","0","501",NA,"2010","2010-501","2060.2061","M",0.26938,7.659313725,3.333333333,-0.93795855,-4.325980392,-1.492126045,"3",-1.21174175203483,2010
"9",1343,"2010-2071.2069","0","202",NA,"2010","2010-202","2071.2069","M",0.19949,7.659313725,16.04166667,-0.93795855,8.382352942,-0.144288561,"3",0.528125656542792,2010
"10",1344,"2010-2076.2077","0","201",NA,"2010","2010-201","2076.2077","M",0.30549,7.659313725,28.95833333,-0.93795855,21.29901961,1.225644618,"3",2.29651548174425,2010
"11",1345,"2010-2078.2079","0","201",NA,"2010","2010-201","2078.2079","F",0.30549,7.659313725,28.95833333,-0.93795855,21.29901961,1.225644618,"3",2.29651548174425,2010
"12",1346,"2010-2080.2081","0","201",NA,"2010","2010-201","2080.2081","M",0.30549,7.659313725,28.95833333,-0.93795855,21.29901961,1.225644618,"3",2.29651548174425,2010
"13",1347,"2010-2082.2083","0","203",NA,"2010","2010-203","2082.2083","M",0.19949,7.659313725,20.20833333,-0.93795855,12.54901961,0.297625367,"3",1.0985739873766,2010
"14",1348,"2010-2084.2085","0","202",NA,"2010","2010-202","2084.2085","M",0.19949,7.659313725,16.04166667,-0.93795855,8.382352942,-0.144288561,"3",0.528125656542792,2010
"15",1349,"2010-2093.2094","0","201",NA,"2010","2010-201","2093.2094","F",0.30549,7.659313725,28.95833333,-0.93795855,21.29901961,1.225644618,"3",2.29651548174425,2010
"16",1350,"2010-2100.2096","0","503",NA,"2010","2010-503","2100.2096","F",0.26938,7.659313725,4.791666667,-0.93795855,-2.867647058,-1.33745617,"3",-1.01208483621562,2010
"17",1351,"2010-2101.2102","0","202",NA,"2010","2010-202","2101.2102","F",0.19949,7.659313725,16.04166667,-0.93795855,8.382352942,-0.144288561,"3",0.528125656542792,2010
"18",1352,"2010-2105.2106","0","203",NA,"2010","2010-203","2105.2106","M",0.19949,7.659313725,20.20833333,-0.93795855,12.54901961,0.297625367,"3",1.0985739873766,2010
"19",1353,"2010-2118.2119","0","703",NA,"2010","2010-703","2118.2119","M",0.1143,7.659313725,4.375,-0.93795855,-3.284313725,-1.381647563,"3",-1.06912966932638,2010
"20",1354,"2010-2132.2133","0","112",NA,"2010","2010-112","2132.2133","M",0.84576,7.659313725,7.708333333,-0.93795855,0.049019608,-1.02811642,"3",-0.612771004851007,2010
"21",1355,"2010-2135.2136","0","111",NA,"2010","2010-111","2135.2136","F",0.84576,7.659313725,11.45833333,-0.93795855,3.799019608,-0.630393884,"3",-0.0993675072648698,2010
"22",1356,"2010-2154.2155","0","201",NA,"2010","2010-201","2154.2155","F",0.30549,7.659313725,28.95833333,-0.93795855,21.29901961,1.225644618,"3",2.29651548174425,2010
"23",1357,"2010-2159.2161","0","112",NA,"2010","2010-112","2159.2161","M",0.84576,7.659313725,7.708333333,-0.93795855,0.049019608,-1.02811642,"3",-0.612771004851007,2010
"24",1358,"2010-2165.2166","1","701","703","2010","2010-701","2165.2166","F",0.1143,7.659313725,2.916666667,-0.93795855,-4.742647058,-1.536317438,"3",-1.26878658500869,2010
"25",1359,"2010-2196.2197","1","202","203","2010","2010-202","2196.2197","M",0.19949,7.659313725,16.04166667,-0.93795855,8.382352942,-0.144288561,"3",0.528125656542792,2010
"26",1360,"2010-2199.22","1","202","203","2010","2010-202","2199.22","M",0.19949,7.659313725,16.04166667,-0.93795855,8.382352942,-0.144288561,"3",0.528125656542792,2010
"27",1361,"2010-2237.2238","0","203",NA,"2010","2010-203","2237.2238","M",0.19949,7.659313725,20.20833333,-0.93795855,12.54901961,0.297625367,"3",1.0985739873766,2010
"28",1362,"2010-2253.2279","0","202",NA,"2010","2010-202","2253.2279","M",0.19949,7.659313725,16.04166667,-0.93795855,8.382352942,-0.144288561,"3",0.528125656542792,2010
"29",1363,"2010-2254.2255","0","201",NA,"2010","2010-201","2254.2255","F",0.30549,7.659313725,28.95833333,-0.93795855,21.29901961,1.225644618,"3",2.29651548174425,2010
"30",1364,"2010-2272.2273","0","701",NA,"2010","2010-701","2272.2273","M",0.1143,7.659313725,2.916666667,-0.93795855,-4.742647058,-1.536317438,"3",-1.26878658500869,2010
"31",1365,"2010-2286.2292","0","304",NA,"2010","2010-304","2286.2292","F",0.65654,7.659313725,13.75,-0.93795855,6.090686275,-0.387341223,"3",0.214379074638961,2010
"32",1366,"2010-2297.2298","0","201",NA,"2010","2010-201","2297.2298","F",0.30549,7.659313725,28.95833333,-0.93795855,21.29901961,1.225644618,"3",2.29651548174425,2010
"33",1367,"2010-2299.23","0","201",NA,"2010","2010-201","2299.23","F",0.30549,7.659313725,28.95833333,-0.93795855,21.29901961,1.225644618,"3",2.29651548174425,2010
"34",1368,"2010-2299.2842","0","201",NA,"2010","2010-201","2299.2842","F",0.30549,7.659313725,28.95833333,-0.93795855,21.29901961,1.225644618,"3",2.29651548174425,2010
"35",1369,"2010-2315.2316","1","703","701","2010","2010-703","2315.2316","F",0.1143,7.659313725,4.375,-0.93795855,-3.284313725,-1.381647563,"3",-1.06912966932638,2010
"36",1370,"2010-2326.2327","0","304",NA,"2010","2010-304","2326.2327","F",0.65654,7.659313725,13.75,-0.93795855,6.090686275,-0.387341223,"3",0.214379074638961,2010
"37",1371,"2010-2332.2333","0","202",NA,"2010","2010-202","2332.2333","M",0.19949,7.659313725,16.04166667,-0.93795855,8.382352942,-0.144288561,"3",0.528125656542792,2010
"38",1372,"2010-2337.2338","1","401","203","2010","2010-401","2337.2338","M",0.26028,7.659313725,0.833333333,-0.93795855,-6.825980392,-1.757274403,"3",-1.55401075042559,2010
"39",1373,"2010-2346.2347","0","112",NA,"2010","2010-112","2346.2347","M",0.84576,7.659313725,7.708333333,-0.93795855,0.049019608,-1.02811642,"3",-0.612771004851007,2010
"40",1374,"2010-2378.2379","0","304",NA,"2010","2010-304","2378.2379","M",0.65654,7.659313725,13.75,-0.93795855,6.090686275,-0.387341223,"3",0.214379074638961,2010
"41",1375,"2010-2380.2381","0","304",NA,"2010","2010-304","2380.2381","F",0.65654,7.659313725,13.75,-0.93795855,6.090686275,-0.387341223,"3",0.214379074638961,2010
"42",1376,"2010-2392.2393","0","202",NA,"2010","2010-202","2392.2393","F",0.19949,7.659313725,16.04166667,-0.93795855,8.382352942,-0.144288561,"3",0.528125656542792,2010
"43",1377,"2010-2424.2425","0","801",NA,"2010","2010-801","2424.2425","F",0.5879,7.659313725,1.458333333,-0.93795855,-6.200980392,-1.690987314,"3",-1.4684435008279,2010
"44",1378,"2010-2456.2457","0","203",NA,"2010","2010-203","2456.2457","F",0.19949,7.659313725,20.20833333,-0.93795855,12.54901961,0.297625367,"3",1.0985739873766,2010
"45",1379,"2010-2458.2459","0","203",NA,"2010","2010-203","2458.2459","M",0.19949,7.659313725,20.20833333,-0.93795855,12.54901961,0.297625367,"3",1.0985739873766,2010
"46",1380,"2010-2461.2462","0","203",NA,"2010","2010-203","2461.2462","F",0.19949,7.659313725,20.20833333,-0.93795855,12.54901961,0.297625367,"3",1.0985739873766,2010
"47",1381,"2010-2463.2464","0","203",NA,"2010","2010-203","2463.2464","F",0.19949,7.659313725,20.20833333,-0.93795855,12.54901961,0.297625367,"3",1.0985739873766,2010
"48",1382,"2010-2467.2468","0","201",NA,"2010","2010-201","2467.2468","F",0.30549,7.659313725,28.95833333,-0.93795855,21.29901961,1.225644618,"3",2.29651548174425,2010
"49",1383,"2010-2474.2171","0","503",NA,"2010","2010-503","2474.2171","F",0.26938,7.659313725,4.791666667,-0.93795855,-2.867647058,-1.33745617,"3",-1.01208483621562,2010
"50",1384,"2010-2479.248","0","112",NA,"2010","2010-112","2479.248","F",0.84576,7.659313725,7.708333333,-0.93795855,0.049019608,-1.02811642,"3",-0.612771004851007,2010
"51",1385,"2010-2481.2482","0","112",NA,"2010","2010-112","2481.2482","M",0.84576,7.659313725,7.708333333,-0.93795855,0.049019608,-1.02811642,"3",-0.612771004851007,2010
"52",1386,"2010-2483.2484","0","803",NA,"2010","2010-803","2483.2484","M",0.5879,7.659313725,3.125,-0.93795855,-4.534313725,-1.514221742,"3",-1.24026416852176,2010
"53",1387,"2010-2485.2486","0","803",NA,"2010","2010-803","2485.2486","M",0.5879,7.659313725,3.125,-0.93795855,-4.534313725,-1.514221742,"3",-1.24026416852176,2010
"54",1388,"2010-2487.2488","0","803",NA,"2010","2010-803","2487.2488","M",0.5879,7.659313725,3.125,-0.93795855,-4.534313725,-1.514221742,"3",-1.24026416852176,2010
"55",1389,"2010-2502.2503","0","112",NA,"2010","2010-112","2502.2503","M",0.84576,7.659313725,7.708333333,-0.93795855,0.049019608,-1.02811642,"3",-0.612771004851007,2010
"56",1390,"2010-2504.2505","0","113",NA,"2010","2010-113","2504.2505","M",0.85448,7.659313725,9.791666667,-0.93795855,2.132352942,-0.807159455,"3",-0.327546839434104,2010
"57",1391,"2010-2524.2525","0","501",NA,"2010","2010-501","2524.2525","M",0.26938,7.659313725,3.333333333,-0.93795855,-4.325980392,-1.492126045,"3",-1.21174175203483,2010
"58",1392,"2010-2526.2527","0","113",NA,"2010","2010-113","2526.2527","F",0.85448,7.659313725,9.791666667,-0.93795855,2.132352942,-0.807159455,"3",-0.327546839434104,2010
"59",1393,"2010-2528.2529","0","501",NA,"2010","2010-501","2528.2529","F",0.26938,7.659313725,3.333333333,-0.93795855,-4.325980392,-1.492126045,"3",-1.21174175203483,2010
"60",1394,"2010-2533.2534","0","503",NA,"2010","2010-503","2533.2534","M",0.26938,7.659313725,4.791666667,-0.93795855,-2.867647058,-1.33745617,"3",-1.01208483621562,2010
"61",1395,"2010-2538.2539","0","201",NA,"2010","2010-201","2538.2539","F",0.30549,7.659313725,28.95833333,-0.93795855,21.29901961,1.225644618,"3",2.29651548174425,2010
"62",1396,"2010-2555.2556","0","201",NA,"2010","2010-201","2555.2556","M",0.30549,7.659313725,28.95833333,-0.93795855,21.29901961,1.225644618,"3",2.29651548174425,2010
"63",1397,"2010-2559.256","0","203",NA,"2010","2010-203","2559.256","F",0.19949,7.659313725,20.20833333,-0.93795855,12.54901961,0.297625367,"3",1.0985739873766,2010
"64",1398,"2010-2561.2562","0","203",NA,"2010","2010-203","2561.2562","M",0.19949,7.659313725,20.20833333,-0.93795855,12.54901961,0.297625367,"3",1.0985739873766,2010
"65",1399,"2010-2572.2573","0","111",NA,"2010","2010-111","2572.2573","M",0.84576,7.659313725,11.45833333,-0.93795855,3.799019608,-0.630393884,"3",-0.0993675072648698,2010
"66",1400,"2010-2574.2575","1","202","304","2010","2010-202","2574.2575","M",0.19949,7.659313725,16.04166667,-0.93795855,8.382352942,-0.144288561,"3",0.528125656542792,2010
"67",1401,"2010-2580.2581","0","703",NA,"2010","2010-703","2580.2581","M",0.1143,7.659313725,4.375,-0.93795855,-3.284313725,-1.381647563,"3",-1.06912966932638,2010
"68",1402,"2010-2593.2383","0","201",NA,"2010","2010-201","2593.2383","M",0.30549,7.659313725,28.95833333,-0.93795855,21.29901961,1.225644618,"3",2.29651548174425,2010
"69",1403,"2010-2621.2459","0","203",NA,"2010","2010-203","2621.2459","M",0.19949,7.659313725,20.20833333,-0.93795855,12.54901961,0.297625367,"3",1.0985739873766,2010
"70",1404,"2010-2626.2627","0","111",NA,"2010","2010-111","2626.2627","M",0.84576,7.659313725,11.45833333,-0.93795855,3.799019608,-0.630393884,"3",-0.0993675072648698,2010
"71",1405,"2010-2696.2697","0","113",NA,"2010","2010-113","2696.2697","M",0.85448,7.659313725,9.791666667,-0.93795855,2.132352942,-0.807159455,"3",-0.327546839434104,2010
"72",1406,"2010-2710.2711","0","201",NA,"2010","2010-201","2710.2711","F",0.30549,7.659313725,28.95833333,-0.93795855,21.29901961,1.225644618,"3",2.29651548174425,2010
"73",1407,"2010-2728.2737","0","111",NA,"2010","2010-111","2728.2737","F",0.84576,7.659313725,11.45833333,-0.93795855,3.799019608,-0.630393884,"3",-0.0993675072648698,2010
"74",1408,"2010-2845.2846","0","203",NA,"2010","2010-203","2845.2846","M",0.19949,7.659313725,20.20833333,-0.93795855,12.54901961,0.297625367,"3",1.0985739873766,2010
"75",1409,"2010-2849.285","0","304",NA,"2010","2010-304","2849.285","M",0.65654,7.659313725,13.75,-0.93795855,6.090686275,-0.387341223,"3",0.214379074638961,2010
"76",1410,"2011-2582.2583","0","201",NA,"2011","2011-201","2582.2583","F",0.30549,3.840399003,6.25,-1.584859048,2.409600997,-1.182786295,"3",-0.289589473797849,2011
"77",1411,"2011-3052.306","0","203",NA,"2011","2011-203","3052.306","F",0.19949,3.840399003,5,-1.584859048,1.159600997,-1.315360474,"3",-0.460723972993229,2011
"78",1412,"2011-3064.3273","0","113",NA,"2011","2011-113","3064.3273","F",0.85448,3.840399003,10.41666667,-1.584859048,6.576267664,-0.740872366,"3",0.280858856899051,2011
"79",1413,"2011-3065.3283","0","112",NA,"2011","2011-112","3065.3283","M",0.84576,3.840399003,11.73913043,-1.584859048,7.898731432,-0.600612728,"3",0.461914196611622,2011
"80",1414,"2011-3070.3099","0","111",NA,"2011","2011-111","3070.3099","F",0.84576,3.840399003,9.791666667,-1.584859048,5.951267664,-0.807159455,"3",0.195291607301361,2011
"81",1415,"2011-3076.3077","1","203","201","2011","2011-203","3076.3077","M",0.19949,3.840399003,5,-1.584859048,1.159600997,-1.315360474,"3",-0.460723972993229,2011
"82",1416,"2011-3087.3089","0","112",NA,"2011","2011-112","3087.3089","M",0.84576,3.840399003,11.73913043,-1.584859048,7.898731432,-0.600612728,"3",0.461914196611622,2011
"83",1417,"2011-3274.3265","0","113",NA,"2011","2011-113","3274.3265","M",0.85448,3.840399003,10.41666667,-1.584859048,6.576267664,-0.740872366,"3",0.280858856899051,2011
"84",1418,"2011-3297.3272","0","112",NA,"2011","2011-112","3297.3272","M",0.84576,3.840399003,11.73913043,-1.584859048,7.898731432,-0.600612728,"3",0.461914196611622,2011
"85",1419,"2011-3301.3322","1","202","203","2011","2011-202","3301.3322","M",0.19949,3.840399003,6.666666667,-1.584859048,2.826267664,-1.138594902,"3",-0.232544640687087,2011
"86",1420,"2011-3301.3545","0","203",NA,"2011","2011-203","3301.3545","M",0.19949,3.840399003,5,-1.584859048,1.159600997,-1.315360474,"3",-0.460723972993229,2011
"87",1421,"2011-3319.332","0","202",NA,"2011","2011-202","3319.332","F",0.19949,3.840399003,6.666666667,-1.584859048,2.826267664,-1.138594902,"3",-0.232544640687087,2011
"88",1422,"2011-3323.3324","0","202",NA,"2011","2011-202","3323.3324","M",0.19949,3.840399003,6.666666667,-1.584859048,2.826267664,-1.138594902,"3",-0.232544640687087,2011
"89",1423,"2011-3347.335","0","501",NA,"2011","2011-501","3347.335","F",0.26938,3.840399003,2.884615385,-1.584859048,-0.955783618,-1.539716776,"3",-0.750336202348136,2011
"90",1424,"2011-3388.3389","1","503","501","2011","2011-503","3388.3389","M",0.26938,3.840399003,2.916666667,-1.584859048,-0.923732336,-1.536317438,"3",-0.745948138273225,2011
"91",1425,"2011-3499.35","0","202",NA,"2011","2011-202","3499.35","M",0.19949,3.840399003,6.666666667,-1.584859048,2.826267664,-1.138594902,"3",-0.232544640687087,2011
"92",1426,"2011-3538.3539","0","202",NA,"2011","2011-202","3538.3539","F",0.19949,3.840399003,6.666666667,-1.584859048,2.826267664,-1.138594902,"3",-0.232544640687087,2011
"93",1427,"2011-3554.3555","0","111",NA,"2011","2011-111","3554.3555","M",0.84576,3.840399003,9.791666667,-1.584859048,5.951267664,-0.807159455,"3",0.195291607301361,2011
"94",1428,"2011-3561.358","0","703",NA,"2011","2011-703","3561.358","M",0.1143,3.840399003,3.80952381,-1.584859048,-0.030875193,-1.441621596,"3",-0.623709210256967,2011
"95",1429,"2011-3571.3572","0","803",NA,"2011","2011-803","3571.3572","M",0.5879,3.840399003,1,-1.584859048,-2.840399003,-1.739597846,"3",-1.00835437041844,2011
"96",1430,"2011-3573.3574","0","112",NA,"2011","2011-112","3573.3574","M",0.84576,3.840399003,11.73913043,-1.584859048,7.898731432,-0.600612728,"3",0.461914196611622,2011
"97",1431,"2011-3576.3578","0","402",NA,"2011","2011-402","3576.3578","M",0.85448,3.840399003,0.833333333,-1.584859048,-3.007065669,-1.757274403,"3",-1.03117230355322,2011
"98",1432,"2011-3601.3602","0","113",NA,"2011","2011-113","3601.3602","F",0.85448,3.840399003,10.41666667,-1.584859048,6.576267664,-0.740872366,"3",0.280858856899051,2011
"99",1433,"2011-3624.3625","0","113",NA,"2011","2011-113","3624.3625","M",0.85448,3.840399003,10.41666667,-1.584859048,6.576267664,-0.740872366,"3",0.280858856899051,2011
"100",1434,"2011-3633.3634","0","113",NA,"2011","2011-113","3633.3634","M",0.85448,3.840399003,10.41666667,-1.584859048,6.576267664,-0.740872366,"3",0.280858856899051,2011
"101",1435,"2011-3641.3642","0","113",NA,"2011","2011-113","3641.3642","M",0.85448,3.840399003,10.41666667,-1.584859048,6.576267664,-0.740872366,"3",0.280858856899051,2011
"102",1436,"2011-3643.3644","0","111",NA,"2011","2011-111","3643.3644","M",0.84576,3.840399003,9.791666667,-1.584859048,5.951267664,-0.807159455,"3",0.195291607301361,2011
"103",1437,"2011-3645.3646","0","111",NA,"2011","2011-111","3645.3646","F",0.84576,3.840399003,9.791666667,-1.584859048,5.951267664,-0.807159455,"3",0.195291607301361,2011
"104",1438,"2011-3647.3648","0","111",NA,"2011","2011-111","3647.3648","F",0.84576,3.840399003,9.791666667,-1.584859048,5.951267664,-0.807159455,"3",0.195291607301361,2011
"105",1439,"2011-3663.3664","0","503",NA,"2011","2011-503","3663.3664","M",0.26938,3.840399003,2.916666667,-1.584859048,-0.923732336,-1.536317438,"3",-0.745948138273225,2011
"106",1440,"2011-3943.3945","0","501",NA,"2011","2011-501","3943.3945","M",0.26938,3.840399003,2.884615385,-1.584859048,-0.955783618,-1.539716776,"3",-0.750336202348136,2011
"107",1441,"2011-3978.3979","0","113",NA,"2011","2011-113","3978.3979","M",0.85448,3.840399003,10.41666667,-1.584859048,6.576267664,-0.740872366,"3",0.280858856899051,2011
"108",1442,"2012-2052.2051","0","113",NA,"2012","2012-113","2052.2051","F",0.85448,12.80150754,27.6,-0.06690277,14.79849246,1.081580677,"3",1.40654391508728,2012
"109",1443,"2012-3070.3099","0","111",NA,"2012","2012-111","3070.3099","F",0.84576,12.80150754,21.92307692,-0.06690277,9.121569386,0.479489945,"3",0.629330005295535,2012
"110",1444,"2012-3395.3396","0","503",NA,"2012","2012-503","3395.3396","M",0.26938,12.80150754,8.75,-0.06690277,-4.051507538,-0.917637938,"3",-1.17416433250522,2012
"111",1445,"2012-3526.3527","0","503",NA,"2012","2012-503","3526.3527","F",0.26938,12.80150754,8.75,-0.06690277,-4.051507538,-0.917637938,"3",-1.17416433250522,2012
"112",1446,"2012-3610.3611","0","111",NA,"2012","2012-111","3610.3611","F",0.84576,12.80150754,21.92307692,-0.06690277,9.121569386,0.479489945,"3",0.629330005295535,2012
"113",1447,"2012-C009.C008","0","202",NA,"2012","2012-202","C009.C008","M",0.19949,12.80150754,15.71428571,-0.06690277,2.912778177,-0.179010371,"3",-0.220700694033175,2012
"114",1448,"2012-C954.C953","0","801",NA,"2012","2012-801","C954.C953","M",0.5879,12.80150754,15,-0.06690277,2.198492462,-0.254767044,"3",-0.318491836528325,2012
"115",1449,"2012-C965.C964","0","303",NA,"2012","2012-303","C965.C964","F",0.26028,12.80150754,6.666666667,-0.06690277,-6.134840871,-1.138594902,"3",-1.45938849778522,2012
"116",1450,"2012-C975.C076","0","201",NA,"2012","2012-201","C975.C076","F",0.30549,12.80150754,21.94444444,-0.06690277,9.142936907,0.481756171,"3",0.632255381299841,2012
"117",1451,"2012-D073.D075","0","503",NA,"2012","2012-503","D073.D075","M",0.26938,12.80150754,8.75,-0.06690277,-4.051507538,-0.917637938,"3",-1.17416433250522,2012
"118",1452,"2012-D124.D123","0","701",NA,"2012","2012-701","D124.D123","F",0.1143,12.80150754,11.875,-0.06690277,-0.926507538,-0.586202491,"3",-0.746328084516773,2012
"119",1453,"2012-D151.E671","0","112",NA,"2012","2012-112","D151.E671","M",0.84576,12.80150754,25.57692308,-0.06690277,12.77541554,0.867014469,"3",1.12956931065694,2012
"120",1454,"2012-D152.D227","0","111",NA,"2012","2012-111","D152.D227","M",0.84576,12.80150754,21.92307692,-0.06690277,9.121569386,0.479489945,"3",0.629330005295535,2012
"121",1455,"2012-D180.D179","0","501",NA,"2012","2012-501","D180.D179","M",0.26938,12.80150754,9.583333333,-0.06690277,-3.218174204,-0.829255152,"3",-1.0600746662837,2012
"122",1456,"2012-D205.D206","0","111",NA,"2012","2012-111","D205.D206","M",0.84576,12.80150754,21.92307692,-0.06690277,9.121569386,0.479489945,"3",0.629330005295535,2012
"123",1457,"2012-D207.D208","0","111",NA,"2012","2012-111","D207.D208","M",0.84576,12.80150754,21.92307692,-0.06690277,9.121569386,0.479489945,"3",0.629330005295535,2012
"124",1458,"2012-D217.D218","0","113",NA,"2012","2012-113","D217.D218","F",0.85448,12.80150754,27.6,-0.06690277,14.79849246,1.081580677,"3",1.40654391508728,2012
"125",1459,"2012-D219.D220","0","112",NA,"2012","2012-112","D219.D220","M",0.84576,12.80150754,25.57692308,-0.06690277,12.77541554,0.867014469,"3",1.12956931065694,2012
"126",1460,"2012-D222.D221","0","111",NA,"2012","2012-111","D222.D221","M",0.84576,12.80150754,21.92307692,-0.06690277,9.121569386,0.479489945,"3",0.629330005295535,2012
"127",1461,"2012-D238.D237","0","112",NA,"2012","2012-112","D238.D237","F",0.84576,12.80150754,25.57692308,-0.06690277,12.77541554,0.867014469,"3",1.12956931065694,2012
"128",1462,"2012-D243.D242","0","111",NA,"2012","2012-111","D243.D242","F",0.84576,12.80150754,21.92307692,-0.06690277,9.121569386,0.479489945,"3",0.629330005295535,2012
"129",1463,"2012-D312.D311","1","401","303","2012","2012-401","D312.D311","M",0.26028,12.80150754,6.458333333,-0.06690277,-6.343174204,-1.160690599,"3",-1.48791091427214,2012
"130",1464,"2012-D331.D330","0","801",NA,"2012","2012-801","D331.D330","M",0.5879,12.80150754,15,-0.06690277,2.198492462,-0.254767044,"3",-0.318491836528325,2012
"131",1465,"2012-D333.D332","0","801",NA,"2012","2012-801","D333.D332","F",0.5879,12.80150754,15,-0.06690277,2.198492462,-0.254767044,"3",-0.318491836528325,2012
"132",1466,"2012-D335.D334","0","803",NA,"2012","2012-803","D335.D334","F",0.5879,12.80150754,9.6,-0.06690277,-3.201507538,-0.827487496,"3",-1.05779287305236,2012
"133",1467,"2012-D344.D343","0","801",NA,"2012","2012-801","D344.D343","F",0.5879,12.80150754,15,-0.06690277,2.198492462,-0.254767044,"3",-0.318491836528325,2012
"134",1468,"2012-D367.D368","0","503",NA,"2012","2012-503","D367.D368","F",0.26938,12.80150754,8.75,-0.06690277,-4.051507538,-0.917637938,"3",-1.17416433250522,2012
"135",1469,"2012-D423.D422","0","501",NA,"2012","2012-501","D423.D422","F",0.26938,12.80150754,9.583333333,-0.06690277,-3.218174204,-0.829255152,"3",-1.0600746662837,2012
"136",1470,"2012-D424.D425","0","501",NA,"2012","2012-501","D424.D425","M",0.26938,12.80150754,9.583333333,-0.06690277,-3.218174204,-0.829255152,"3",-1.0600746662837,2012
"137",1471,"2012-D440.E347","0","111",NA,"2012","2012-111","D440.E347","M",0.84576,12.80150754,21.92307692,-0.06690277,9.121569386,0.479489945,"3",0.629330005295535,2012
"138",1472,"2012-D450.D449","0","112",NA,"2012","2012-112","D450.D449","F",0.84576,12.80150754,25.57692308,-0.06690277,12.77541554,0.867014469,"3",1.12956931065694,2012
"139",1473,"2012-D516.D515","0","201",NA,"2012","2012-201","D516.D515","F",0.30549,12.80150754,21.94444444,-0.06690277,9.142936907,0.481756171,"3",0.632255381299841,2012
"140",1474,"2012-D522.D523","0","203",NA,"2012","2012-203","D522.D523","F",0.19949,12.80150754,15,-0.06690277,2.198492462,-0.254767044,"3",-0.318491836528325,2012
"141",1475,"2012-D524.D525","0","203",NA,"2012","2012-203","D524.D525","F",0.19949,12.80150754,15,-0.06690277,2.198492462,-0.254767044,"3",-0.318491836528325,2012
"142",1476,"2012-D534.D533","0","303",NA,"2012","2012-303","D534.D533","F",0.26028,12.80150754,6.666666667,-0.06690277,-6.134840871,-1.138594902,"3",-1.45938849778522,2012
"143",1477,"2012-D542.D541","0","402",NA,"2012","2012-402","D542.D541","M",0.85448,12.80150754,4.038461538,-0.06690277,-8.763045999,-1.417340611,"3",-1.81920975247562,2012
"144",1478,"2012-D551.D552","0","202",NA,"2012","2012-202","D551.D552","F",0.19949,12.80150754,15.71428571,-0.06690277,2.912778177,-0.179010371,"3",-0.220700694033175,2012
"145",1479,"2012-D565.D564","0","202",NA,"2012","2012-202","D565.D564","F",0.19949,12.80150754,15.71428571,-0.06690277,2.912778177,-0.179010371,"3",-0.220700694033175,2012
"146",1480,"2012-D577.D576","0","112",NA,"2012","2012-112","D577.D576","F",0.84576,12.80150754,25.57692308,-0.06690277,12.77541554,0.867014469,"3",1.12956931065694,2012
"147",1481,"2012-D580.D579","0","113",NA,"2012","2012-113","D580.D579","F",0.85448,12.80150754,27.6,-0.06690277,14.79849246,1.081580677,"3",1.40654391508728,2012
"148",1482,"2012-D586.D587","0","112",NA,"2012","2012-112","D586.D587","M",0.84576,12.80150754,25.57692308,-0.06690277,12.77541554,0.867014469,"3",1.12956931065694,2012
"149",1483,"2012-D602.D601","0","203",NA,"2012","2012-203","D602.D601","F",0.19949,12.80150754,15,-0.06690277,2.198492462,-0.254767044,"3",-0.318491836528325,2012
"150",1484,"2012-D616.D615","0","201",NA,"2012","2012-201","D616.D615","F",0.30549,12.80150754,21.94444444,-0.06690277,9.142936907,0.481756171,"3",0.632255381299841,2012
"151",1485,"2012-D620.D619","0","201",NA,"2012","2012-201","D620.D619","F",0.30549,12.80150754,21.94444444,-0.06690277,9.142936907,0.481756171,"3",0.632255381299841,2012
"152",1486,"2012-D624.D623","0","201",NA,"2012","2012-201","D624.D623","M",0.30549,12.80150754,21.94444444,-0.06690277,9.142936907,0.481756171,"3",0.632255381299841,2012
"153",1487,"2012-D633.D634","0","501",NA,"2012","2012-501","D633.D634","M",0.26938,12.80150754,9.583333333,-0.06690277,-3.218174204,-0.829255152,"3",-1.0600746662837,2012
"154",1488,"2012-D653.D652","0","203",NA,"2012","2012-203","D653.D652","F",0.19949,12.80150754,15,-0.06690277,2.198492462,-0.254767044,"3",-0.318491836528325,2012
"155",1489,"2012-D655.D654","0","203",NA,"2012","2012-203","D655.D654","M",0.19949,12.80150754,15,-0.06690277,2.198492462,-0.254767044,"3",-0.318491836528325,2012
"156",1490,"2012-D669.D668","0","201",NA,"2012","2012-201","D669.D668","F",0.30549,12.80150754,21.94444444,-0.06690277,9.142936907,0.481756171,"3",0.632255381299841,2012
"157",1491,"2012-D685.D684","0","303",NA,"2012","2012-303","D685.D684","F",0.26028,12.80150754,6.666666667,-0.06690277,-6.134840871,-1.138594902,"3",-1.45938849778522,2012
"158",1492,"2012-D688.D689","0","703",NA,"2012","2012-703","D688.D689","M",0.1143,12.80150754,4.4,-0.06690277,-8.401507538,-1.37899608,"3",-1.76971238970514,2012
"159",1493,"2012-D701.D702","0","304",NA,"2012","2012-304","D701.D702","F",0.65654,12.80150754,11.19047619,-0.06690277,-1.611031347,-0.658802636,"3",-0.840044595909196,2012
"160",1494,"2012-D747.D748","0","202",NA,"2012","2012-202","D747.D748","M",0.19949,12.80150754,15.71428571,-0.06690277,2.912778177,-0.179010371,"3",-0.220700694033175,2012
"161",1495,"2012-D758.D757","0","801",NA,"2012","2012-801","D758.D757","F",0.5879,12.80150754,15,-0.06690277,2.198492462,-0.254767044,"3",-0.318491836528325,2012
"162",1496,"2012-D786.D787","0","304",NA,"2012","2012-304","D786.D787","F",0.65654,12.80150754,11.19047619,-0.06690277,-1.611031347,-0.658802636,"3",-0.840044595909196,2012
"163",1497,"2012-D791.D790","0","304",NA,"2012","2012-304","D791.D790","F",0.65654,12.80150754,11.19047619,-0.06690277,-1.611031347,-0.658802636,"3",-0.840044595909196,2012
"164",1498,"2012-D806.D807","0","112",NA,"2012","2012-112","D806.D807","M",0.84576,12.80150754,25.57692308,-0.06690277,12.77541554,0.867014469,"3",1.12956931065694,2012
"165",1499,"2012-D809.D808","0","113",NA,"2012","2012-113","D809.D808","F",0.85448,12.80150754,27.6,-0.06690277,14.79849246,1.081580677,"3",1.40654391508728,2012
"166",1500,"2012-D814.D220","0","112",NA,"2012","2012-112","D814.D220","M",0.84576,12.80150754,25.57692308,-0.06690277,12.77541554,0.867014469,"3",1.12956931065694,2012
"167",1501,"2012-D853.D854","0","501",NA,"2012","2012-501","D853.D854","M",0.26938,12.80150754,9.583333333,-0.06690277,-3.218174204,-0.829255152,"3",-1.0600746662837,2012
"168",1502,"2012-D856.D855","0","501",NA,"2012","2012-501","D856.D855","F",0.26938,12.80150754,9.583333333,-0.06690277,-3.218174204,-0.829255152,"3",-1.0600746662837,2012
"169",1503,"2012-D868.D867","0","111",NA,"2012","2012-111","D868.D867","M",0.84576,12.80150754,21.92307692,-0.06690277,9.121569386,0.479489945,"3",0.629330005295535,2012
"170",1504,"2012-D910.D909","0","201",NA,"2012","2012-201","D910.D909","M",0.30549,12.80150754,21.94444444,-0.06690277,9.142936907,0.481756171,"3",0.632255381299841,2012
"171",1505,"2012-D920.D921","0","201",NA,"2012","2012-201","D920.D921","F",0.30549,12.80150754,21.94444444,-0.06690277,9.142936907,0.481756171,"3",0.632255381299841,2012
"172",1506,"2012-D923.D922","0","201",NA,"2012","2012-201","D923.D922","M",0.30549,12.80150754,21.94444444,-0.06690277,9.142936907,0.481756171,"3",0.632255381299841,2012
"173",1507,"2012-D947.D948","0","112",NA,"2012","2012-112","D947.D948","M",0.84576,12.80150754,25.57692308,-0.06690277,12.77541554,0.867014469,"3",1.12956931065694,2012
"174",1508,"2012-D949.D871","0","112",NA,"2012","2012-112","D949.D871","F",0.84576,12.80150754,25.57692308,-0.06690277,12.77541554,0.867014469,"3",1.12956931065694,2012
"175",1509,"2012-D951.D952","0","112",NA,"2012","2012-112","D951.D952","F",0.84576,12.80150754,25.57692308,-0.06690277,12.77541554,0.867014469,"3",1.12956931065694,2012
"176",1510,"2012-D954.D953","0","402",NA,"2012","2012-402","D954.D953","M",0.85448,12.80150754,4.038461538,-0.06690277,-8.763045999,-1.417340611,"3",-1.81920975247562,2012
"177",1511,"2012-D985.D984","0","801",NA,"2012","2012-801","D985.D984","M",0.5879,12.80150754,15,-0.06690277,2.198492462,-0.254767044,"3",-0.318491836528325,2012
"178",1512,"2012-D987.D986","0","801",NA,"2012","2012-801","D987.D986","F",0.5879,12.80150754,15,-0.06690277,2.198492462,-0.254767044,"3",-0.318491836528325,2012
"179",1513,"2012-D990.D989","0","801",NA,"2012","2012-801","D990.D989","M",0.5879,12.80150754,15,-0.06690277,2.198492462,-0.254767044,"3",-0.318491836528325,2012
"180",1514,"2012-E029.E030","0","801",NA,"2012","2012-801","E029.E030","M",0.5879,12.80150754,15,-0.06690277,2.198492462,-0.254767044,"3",-0.318491836528325,2012
"181",1515,"2012-E031.E032","0","803",NA,"2012","2012-803","E031.E032","F",0.5879,12.80150754,9.6,-0.06690277,-3.201507538,-0.827487496,"3",-1.05779287305236,2012
"182",1516,"2012-E033.E034","0","803",NA,"2012","2012-803","E033.E034","M",0.5879,12.80150754,9.6,-0.06690277,-3.201507538,-0.827487496,"3",-1.05779287305236,2012
"183",1517,"2012-E133.E132","0","501",NA,"2012","2012-501","E133.E132","M",0.26938,12.80150754,9.583333333,-0.06690277,-3.218174204,-0.829255152,"3",-1.0600746662837,2012
"184",1518,"2012-E245.E244","0","201",NA,"2012","2012-201","E245.E244","M",0.30549,12.80150754,21.94444444,-0.06690277,9.142936907,0.481756171,"3",0.632255381299841,2012
"185",1519,"2012-E262.E263","0","202",NA,"2012","2012-202","E262.E263","M",0.19949,12.80150754,15.71428571,-0.06690277,2.912778177,-0.179010371,"3",-0.220700694033175,2012
"186",1520,"2012-E306.E304","0","202",NA,"2012","2012-202","E306.E304","M",0.19949,12.80150754,15.71428571,-0.06690277,2.912778177,-0.179010371,"3",-0.220700694033175,2012
"187",1521,"2012-E324.E201","1","701","703","2012","2012-701","E324.E201","M",0.1143,12.80150754,11.875,-0.06690277,-0.926507538,-0.586202491,"3",-0.746328084516773,2012
"188",1522,"2012-E328.E327","0","203",NA,"2012","2012-203","E328.E327","F",0.19949,12.80150754,15,-0.06690277,2.198492462,-0.254767044,"3",-0.318491836528325,2012
"189",1523,"2012-E348.E347","0","111",NA,"2012","2012-111","E348.E347","M",0.84576,12.80150754,21.92307692,-0.06690277,9.121569386,0.479489945,"3",0.629330005295535,2012
"190",1524,"2012-E355.E354","0","111",NA,"2012","2012-111","E355.E354","F",0.84576,12.80150754,21.92307692,-0.06690277,9.121569386,0.479489945,"3",0.629330005295535,2012
"191",1525,"2012-E374.E375","0","202",NA,"2012","2012-202","E374.E375","F",0.19949,12.80150754,15.71428571,-0.06690277,2.912778177,-0.179010371,"3",-0.220700694033175,2012
"192",1526,"2012-E376.E378","0","202",NA,"2012","2012-202","E376.E378","M",0.19949,12.80150754,15.71428571,-0.06690277,2.912778177,-0.179010371,"3",-0.220700694033175,2012
"193",1527,"2012-E391.E392","0","112",NA,"2012","2012-112","E391.E392","F",0.84576,12.80150754,25.57692308,-0.06690277,12.77541554,0.867014469,"3",1.12956931065694,2012
"194",1528,"2012-E438.E437","0","112",NA,"2012","2012-112","E438.E437","M",0.84576,12.80150754,25.57692308,-0.06690277,12.77541554,0.867014469,"3",1.12956931065694,2012
"195",1529,"2012-E440.E441","0","112",NA,"2012","2012-112","E440.E441","F",0.84576,12.80150754,25.57692308,-0.06690277,12.77541554,0.867014469,"3",1.12956931065694,2012
"196",1530,"2012-E463.E462","0","401",NA,"2012","2012-401","E463.E462","M",0.26028,12.80150754,6.458333333,-0.06690277,-6.343174204,-1.160690599,"3",-1.48791091427214,2012
"197",1531,"2012-E464.E428","0","112",NA,"2012","2012-112","E464.E428","M",0.84576,12.80150754,25.57692308,-0.06690277,12.77541554,0.867014469,"3",1.12956931065694,2012
"198",1532,"2012-E528.E529","0","111",NA,"2012","2012-111","E528.E529","M",0.84576,12.80150754,21.92307692,-0.06690277,9.121569386,0.479489945,"3",0.629330005295535,2012
"199",1533,"2012-E533.E532","0","112",NA,"2012","2012-112","E533.E532","M",0.84576,12.80150754,25.57692308,-0.06690277,12.77541554,0.867014469,"3",1.12956931065694,2012
"200",1534,"2012-E538.E539","0","113",NA,"2012","2012-113","E538.E539","F",0.85448,12.80150754,27.6,-0.06690277,14.79849246,1.081580677,"3",1.40654391508728,2012
"201",1535,"2012-E549.E550","0","113",NA,"2012","2012-113","E549.E550","F",0.85448,12.80150754,27.6,-0.06690277,14.79849246,1.081580677,"3",1.40654391508728,2012
"202",1536,"2012-E560.E561","0","701",NA,"2012","2012-701","E560.E561","F",0.1143,12.80150754,11.875,-0.06690277,-0.926507538,-0.586202491,"3",-0.746328084516773,2012
"203",1537,"2012-E563.E564","1","701","703","2012","2012-701","E563.E564","M",0.1143,12.80150754,11.875,-0.06690277,-0.926507538,-0.586202491,"3",-0.746328084516773,2012
"204",1538,"2012-E583.E582","0","113",NA,"2012","2012-113","E583.E582","M",0.85448,12.80150754,27.6,-0.06690277,14.79849246,1.081580677,"3",1.40654391508728,2012
"205",1539,"2012-E616.E617","0","803",NA,"2012","2012-803","E616.E617","M",0.5879,12.80150754,9.6,-0.06690277,-3.201507538,-0.827487496,"3",-1.05779287305236,2012
"206",1540,"2012-E619.E618","0","803",NA,"2012","2012-803","E619.E618","M",0.5879,12.80150754,9.6,-0.06690277,-3.201507538,-0.827487496,"3",-1.05779287305236,2012
"207",1541,"2012-E620.E621","0","803",NA,"2012","2012-803","E620.E621","M",0.5879,12.80150754,9.6,-0.06690277,-3.201507538,-0.827487496,"3",-1.05779287305236,2012
"208",1542,"2012-E625.E656","0","801",NA,"2012","2012-801","E625.E656","F",0.5879,12.80150754,15,-0.06690277,2.198492462,-0.254767044,"3",-0.318491836528325,2012
"209",1543,"2012-E629.E630","0","401",NA,"2012","2012-401","E629.E630","F",0.26028,12.80150754,6.458333333,-0.06690277,-6.343174204,-1.160690599,"3",-1.48791091427214,2012
"210",1544,"2012-E641.E636","0","401",NA,"2012","2012-401","E641.E636","M",0.26028,12.80150754,6.458333333,-0.06690277,-6.343174204,-1.160690599,"3",-1.48791091427214,2012
"211",1545,"2012-E658.E657","0","801",NA,"2012","2012-801","E658.E657","F",0.5879,12.80150754,15,-0.06690277,2.198492462,-0.254767044,"3",-0.318491836528325,2012
"212",1546,"2012-E701.E702","0","503",NA,"2012","2012-503","E701.E702","F",0.26938,12.80150754,8.75,-0.06690277,-4.051507538,-0.917637938,"3",-1.17416433250522,2012
"213",1547,"2012-E703.E704","0","501",NA,"2012","2012-501","E703.E704","M",0.26938,12.80150754,9.583333333,-0.06690277,-3.218174204,-0.829255152,"3",-1.0600746662837,2012
"214",1548,"2012-E711.E837","0","113",NA,"2012","2012-113","E711.E837","M",0.85448,12.80150754,27.6,-0.06690277,14.79849246,1.081580677,"3",1.40654391508728,2012
"215",1549,"2012-E724.E725","0","401",NA,"2012","2012-401","E724.E725","F",0.26028,12.80150754,6.458333333,-0.06690277,-6.343174204,-1.160690599,"3",-1.48791091427214,2012
"216",1550,"2012-E726.E727","1","701","703","2012","2012-701","E726.E727","F",0.1143,12.80150754,11.875,-0.06690277,-0.926507538,-0.586202491,"3",-0.746328084516773,2012
"217",1551,"2012-E742.E743","0","202",NA,"2012","2012-202","E742.E743","F",0.19949,12.80150754,15.71428571,-0.06690277,2.912778177,-0.179010371,"3",-0.220700694033175,2012
"218",1552,"2012-E758.E757","1","112","113","2012","2012-112","E758.E757","M",0.84576,12.80150754,25.57692308,-0.06690277,12.77541554,0.867014469,"3",1.12956931065694,2012
"219",1553,"2012-E761.E764","0","112",NA,"2012","2012-112","E761.E764","F",0.84576,12.80150754,25.57692308,-0.06690277,12.77541554,0.867014469,"3",1.12956931065694,2012
"220",1554,"2012-E766.E765","0","113",NA,"2012","2012-113","E766.E765","F",0.85448,12.80150754,27.6,-0.06690277,14.79849246,1.081580677,"3",1.40654391508728,2012
"221",1555,"2012-E773.E772","0","113",NA,"2012","2012-113","E773.E772","F",0.85448,12.80150754,27.6,-0.06690277,14.79849246,1.081580677,"3",1.40654391508728,2012
"222",1556,"2012-E806.E805","0","303",NA,"2012","2012-303","E806.E805","M",0.26028,12.80150754,6.666666667,-0.06690277,-6.134840871,-1.138594902,"3",-1.45938849778522,2012
"223",1557,"2012-E840.E839","0","113",NA,"2012","2012-113","E840.E839","M",0.85448,12.80150754,27.6,-0.06690277,14.79849246,1.081580677,"3",1.40654391508728,2012
"224",1558,"2012-E842.E841","0","113",NA,"2012","2012-113","E842.E841","M",0.85448,12.80150754,27.6,-0.06690277,14.79849246,1.081580677,"3",1.40654391508728,2012
"225",1559,"2012-E844.E843","0","112",NA,"2012","2012-112","E844.E843","M",0.84576,12.80150754,25.57692308,-0.06690277,12.77541554,0.867014469,"3",1.12956931065694,2012
"226",1560,"2012-E846.E845","0","112",NA,"2012","2012-112","E846.E845","M",0.84576,12.80150754,25.57692308,-0.06690277,12.77541554,0.867014469,"3",1.12956931065694,2012
"227",1561,"2012-E850.E849","0","113",NA,"2012","2012-113","E850.E849","M",0.85448,12.80150754,27.6,-0.06690277,14.79849246,1.081580677,"3",1.40654391508728,2012
"228",1562,"2012-E882.E881","0","803",NA,"2012","2012-803","E882.E881","F",0.5879,12.80150754,9.6,-0.06690277,-3.201507538,-0.827487496,"3",-1.05779287305236,2012
"229",1563,"2012-E892.E895","0","803",NA,"2012","2012-803","E892.E895","F",0.5879,12.80150754,9.6,-0.06690277,-3.201507538,-0.827487496,"3",-1.05779287305236,2012
"230",1564,"2012-E901.E904","0","303",NA,"2012","2012-303","E901.E904","M",0.26028,12.80150754,6.666666667,-0.06690277,-6.134840871,-1.138594902,"3",-1.45938849778522,2012
"231",1565,"2012-E913.E914","0","501",NA,"2012","2012-501","E913.E914","F",0.26938,12.80150754,9.583333333,-0.06690277,-3.218174204,-0.829255152,"3",-1.0600746662837,2012
"232",1566,"2012-E973.E974","0","801",NA,"2012","2012-801","E973.E974","F",0.5879,12.80150754,15,-0.06690277,2.198492462,-0.254767044,"3",-0.318491836528325,2012
"233",1567,"2013-C002.C001","1","501","503","2013","2013-501","C002.C001","F",0.26938,8.911392406,4.782608696,-0.725864177,-4.12878371,-1.338416853,"3",-1.18474402770119,2013
"234",1568,"2013-C133.C132","0","111",NA,"2013","2013-111","C133.C132","M",0.84576,8.911392406,21.08695652,-0.725864177,12.17556412,0.390811565,"3",1.04744509277427,2013
"235",1569,"2013-C309.C310","0","202",NA,"2013","2013-202","C309.C310","F",0.19949,8.911392406,11.25,-0.725864177,2.338607594,-0.65248958,"3",-0.299309010172714,2013
"236",1570,"2013-C315.C314","0","201",NA,"2013","2013-201","C315.C314","M",0.30549,8.911392406,17.29166667,-0.725864177,8.380274261,-0.011714383,"3",0.527841069317255,2013
"237",1571,"2013-C316.C317","0","201",NA,"2013","2013-201","C316.C317","F",0.30549,8.911392406,17.29166667,-0.725864177,8.380274261,-0.011714383,"3",0.527841069317255,2013
"238",1572,"2013-C376.F051","0","111",NA,"2013","2013-111","C376.F051","F",0.84576,8.911392406,21.08695652,-0.725864177,12.17556412,0.390811565,"3",1.04744509277427,2013
"239",1573,"2013-C388.C387","0","803",NA,"2013","2013-803","C388.C387","M",0.5879,8.911392406,6.739130435,-0.725864177,-2.172261971,-1.130909443,"3",-0.916881333326276,2013
"240",1574,"2013-C393.C392","0","703",NA,"2013","2013-703","C393.C392","M",0.1143,8.911392406,6.739130435,-0.725864177,-2.172261971,-1.130909443,"3",-0.916881333326276,2013
"241",1575,"2013-C402.C401","0","111",NA,"2013","2013-111","C402.C401","F",0.84576,8.911392406,21.08695652,-0.725864177,12.17556412,0.390811565,"3",1.04744509277427,2013
"242",1576,"2013-C444.C693","0","503",NA,"2013","2013-503","C444.C693","F",0.26938,8.911392406,11.52173913,-0.725864177,2.610346724,-0.623669107,"3",-0.262105858233244,2013
"243",1577,"2013-C464.C465","0","112",NA,"2013","2013-112","C464.C465","F",0.84576,8.911392406,13.47826087,-0.725864177,4.566868464,-0.416161696,"3",0.00575683627857398,2013
"244",1578,"2013-C466.C467","0","111",NA,"2013","2013-111","C466.C467","F",0.84576,8.911392406,21.08695652,-0.725864177,12.17556412,0.390811565,"3",1.04744509277427,2013
"245",1579,"2013-C510.C509","0","803",NA,"2013","2013-803","C510.C509","M",0.5879,8.911392406,6.739130435,-0.725864177,-2.172261971,-1.130909443,"3",-0.916881333326276,2013
"246",1580,"2013-C554.C553","0","201",NA,"2013","2013-201","C554.C553","M",0.30549,8.911392406,17.29166667,-0.725864177,8.380274261,-0.011714383,"3",0.527841069317255,2013
"247",1581,"2013-C577.C578","0","203",NA,"2013","2013-203","C577.C578","M",0.19949,8.911392406,11.25,-0.725864177,2.338607594,-0.65248958,"3",-0.299309010172714,2013
"248",1582,"2013-C582.C583","0","201",NA,"2013","2013-201","C582.C583","F",0.30549,8.911392406,17.29166667,-0.725864177,8.380274261,-0.011714383,"3",0.527841069317255,2013
"249",1583,"2013-C595.C596","0","303",NA,"2013","2013-303","C595.C596","M",0.26028,8.911392406,7.954545455,-0.725864177,-0.956846951,-1.002003324,"3",-0.750481780716483,2013
"250",1584,"2013-C597.C598","0","503",NA,"2013","2013-503","C597.C598","M",0.26938,8.911392406,11.52173913,-0.725864177,2.610346724,-0.623669107,"3",-0.262105858233244,2013
"251",1585,"2013-C601.C826","1","304","203","2013","2013-304","C601.C826","M",0.65654,8.911392406,10.4,-0.725864177,1.488607594,-0.742640022,"3",-0.415680469625572,2013
"252",1586,"2013-C609.C608","0","304",NA,"2013","2013-304","C609.C608","F",0.65654,8.911392406,10.4,-0.725864177,1.488607594,-0.742640022,"3",-0.415680469625572,2013
"253",1587,"2013-C611.C610","0","304",NA,"2013","2013-304","C611.C610","M",0.65654,8.911392406,10.4,-0.725864177,1.488607594,-0.742640022,"3",-0.415680469625572,2013
"254",1588,"2013-C620.C614","0","304",NA,"2013","2013-304","C620.C614","M",0.65654,8.911392406,10.4,-0.725864177,1.488607594,-0.742640022,"3",-0.415680469625572,2013
"255",1589,"2013-C654.C653","0","402",NA,"2013","2013-402","C654.C653","M",0.85448,8.911392406,4.615384615,-0.725864177,-4.296007791,-1.356152529,"3",-1.20763827518546,2013
"256",1590,"2013-C665.C664","0","402",NA,"2013","2013-402","C665.C664","F",0.85448,8.911392406,4.615384615,-0.725864177,-4.296007791,-1.356152529,"3",-1.20763827518546,2013
"257",1591,"2013-C683.C679","0","203",NA,"2013","2013-203","C683.C679","F",0.19949,8.911392406,11.25,-0.725864177,2.338607594,-0.65248958,"3",-0.299309010172714,2013
"258",1592,"2013-C736.C735","0","111",NA,"2013","2013-111","C736.C735","M",0.84576,8.911392406,21.08695652,-0.725864177,12.17556412,0.390811565,"3",1.04744509277427,2013
"259",1593,"2013-C740.C741","0","112",NA,"2013","2013-112","C740.C741","M",0.84576,8.911392406,13.47826087,-0.725864177,4.566868464,-0.416161696,"3",0.00575683627857398,2013
"260",1594,"2013-C744.C745","0","113",NA,"2013","2013-113","C744.C745","M",0.85448,8.911392406,11.95652174,-0.725864177,3.045129333,-0.577556349,"3",-0.202580814993183,2013
"261",1595,"2013-C749.C748","0","111",NA,"2013","2013-111","C749.C748","M",0.84576,8.911392406,21.08695652,-0.725864177,12.17556412,0.390811565,"3",1.04744509277427,2013
"262",1596,"2013-C757.C756","0","803",NA,"2013","2013-803","C757.C756","F",0.5879,8.911392406,6.739130435,-0.725864177,-2.172261971,-1.130909443,"3",-0.916881333326276,2013
"263",1597,"2013-C759.C760","0","801",NA,"2013","2013-801","C759.C760","M",0.5879,8.911392406,7.391304348,-0.725864177,-1.520088058,-1.061740306,"3",-0.82759376853464,2013
"264",1598,"2013-C781.C780","0","303",NA,"2013","2013-303","C781.C780","M",0.26028,8.911392406,7.954545455,-0.725864177,-0.956846951,-1.002003324,"3",-0.750481780716483,2013
"265",1599,"2013-C802.C801","0","113",NA,"2013","2013-113","C802.C801","F",0.85448,8.911392406,11.95652174,-0.725864177,3.045129333,-0.577556349,"3",-0.202580814993183,2013
"266",1600,"2013-C803.C804","0","113",NA,"2013","2013-113","C803.C804","F",0.85448,8.911392406,11.95652174,-0.725864177,3.045129333,-0.577556349,"3",-0.202580814993183,2013
"267",1601,"2013-C809.C808","0","112",NA,"2013","2013-112","C809.C808","M",0.84576,8.911392406,13.47826087,-0.725864177,4.566868464,-0.416161696,"3",0.00575683627857398,2013
"268",1602,"2013-C812.C813","0","111",NA,"2013","2013-111","C812.C813","F",0.84576,8.911392406,21.08695652,-0.725864177,12.17556412,0.390811565,"3",1.04744509277427,2013
"269",1603,"2013-C815.C814","0","111",NA,"2013","2013-111","C815.C814","M",0.84576,8.911392406,21.08695652,-0.725864177,12.17556412,0.390811565,"3",1.04744509277427,2013
"270",1604,"2013-C818.C817","0","113",NA,"2013","2013-113","C818.C817","M",0.85448,8.911392406,11.95652174,-0.725864177,3.045129333,-0.577556349,"3",-0.202580814993183,2013
"271",1605,"2013-C822.C823","0","111",NA,"2013","2013-111","C822.C823","M",0.84576,8.911392406,21.08695652,-0.725864177,12.17556412,0.390811565,"3",1.04744509277427,2013
"272",1606,"2013-C829.C828","0","304",NA,"2013","2013-304","C829.C828","M",0.65654,8.911392406,10.4,-0.725864177,1.488607594,-0.742640022,"3",-0.415680469625572,2013
"273",1607,"2013-C835.C834","0","703",NA,"2013","2013-703","C835.C834","F",0.1143,8.911392406,6.739130435,-0.725864177,-2.172261971,-1.130909443,"3",-0.916881333326276,2013
"274",1608,"2013-C836.C837","0","801",NA,"2013","2013-801","C836.C837","M",0.5879,8.911392406,7.391304348,-0.725864177,-1.520088058,-1.061740306,"3",-0.82759376853464,2013
"275",1609,"2013-C839.C838","0","801",NA,"2013","2013-801","C839.C838","F",0.5879,8.911392406,7.391304348,-0.725864177,-1.520088058,-1.061740306,"3",-0.82759376853464,2013
"276",1610,"2013-C841.C840","0","803",NA,"2013","2013-803","C841.C840","M",0.5879,8.911392406,6.739130435,-0.725864177,-2.172261971,-1.130909443,"3",-0.916881333326276,2013
"277",1611,"2013-C843.C842","0","703",NA,"2013","2013-703","C843.C842","M",0.1143,8.911392406,6.739130435,-0.725864177,-2.172261971,-1.130909443,"3",-0.916881333326276,2013
"278",1612,"2013-C845.F066","0","113",NA,"2013","2013-113","C845.F066","M",0.85448,8.911392406,11.95652174,-0.725864177,3.045129333,-0.577556349,"3",-0.202580814993183,2013
"279",1613,"2013-C889.C888","0","201",NA,"2013","2013-201","C889.C888","F",0.30549,8.911392406,17.29166667,-0.725864177,8.380274261,-0.011714383,"3",0.527841069317255,2013
"280",1614,"2013-C891.C890","0","201",NA,"2013","2013-201","C891.C890","F",0.30549,8.911392406,17.29166667,-0.725864177,8.380274261,-0.011714383,"3",0.527841069317255,2013
"281",1615,"2013-C892.C894","0","201",NA,"2013","2013-201","C892.C894","M",0.30549,8.911392406,17.29166667,-0.725864177,8.380274261,-0.011714383,"3",0.527841069317255,2013
"282",1616,"2013-C896.C895","0","201",NA,"2013","2013-201","C896.C895","F",0.30549,8.911392406,17.29166667,-0.725864177,8.380274261,-0.011714383,"3",0.527841069317255,2013
"283",1617,"2013-E483.E482","0","112",NA,"2013","2013-112","E483.E482","F",0.84576,8.911392406,13.47826087,-0.725864177,4.566868464,-0.416161696,"3",0.00575683627857398,2013
"284",1618,"2013-F006.F005","0","201",NA,"2013","2013-201","F006.F005","F",0.30549,8.911392406,17.29166667,-0.725864177,8.380274261,-0.011714383,"3",0.527841069317255,2013
"285",1619,"2013-F007.F008","0","203",NA,"2013","2013-203","F007.F008","F",0.19949,8.911392406,11.25,-0.725864177,2.338607594,-0.65248958,"3",-0.299309010172714,2013
"286",1620,"2013-F010.F009","0","203",NA,"2013","2013-203","F010.F009","M",0.19949,8.911392406,11.25,-0.725864177,2.338607594,-0.65248958,"3",-0.299309010172714,2013
"287",1621,"2013-F012.F011","0","202",NA,"2013","2013-202","F012.F011","M",0.19949,8.911392406,11.25,-0.725864177,2.338607594,-0.65248958,"3",-0.299309010172714,2013
"288",1622,"2013-F014.F013","0","202",NA,"2013","2013-202","F014.F013","F",0.19949,8.911392406,11.25,-0.725864177,2.338607594,-0.65248958,"3",-0.299309010172714,2013
"289",1623,"2013-F015.F016","0","202",NA,"2013","2013-202","F015.F016","M",0.19949,8.911392406,11.25,-0.725864177,2.338607594,-0.65248958,"3",-0.299309010172714,2013
"290",1624,"2013-F020.F019","0","202",NA,"2013","2013-202","F020.F019","F",0.19949,8.911392406,11.25,-0.725864177,2.338607594,-0.65248958,"3",-0.299309010172714,2013
"291",1625,"2013-F021.F022","0","304",NA,"2013","2013-304","F021.F022","M",0.65654,8.911392406,10.4,-0.725864177,1.488607594,-0.742640022,"3",-0.415680469625572,2013
"292",1626,"2013-F035.F036","0","303",NA,"2013","2013-303","F035.F036","M",0.26028,8.911392406,7.954545455,-0.725864177,-0.956846951,-1.002003324,"3",-0.750481780716483,2013
"293",1627,"2013-F039.F038","0","501",NA,"2013","2013-501","F039.F038","M",0.26938,8.911392406,4.782608696,-0.725864177,-4.12878371,-1.338416853,"3",-1.18474402770119,2013
"294",1628,"2013-F075.F074","0","111",NA,"2013","2013-111","F075.F074","F",0.84576,8.911392406,21.08695652,-0.725864177,12.17556412,0.390811565,"3",1.04744509277427,2013
"295",1629,"2013-F082.F081","0","503",NA,"2013","2013-503","F082.F081","M",0.26938,8.911392406,11.52173913,-0.725864177,2.610346724,-0.623669107,"3",-0.262105858233244,2013
"296",1630,"2013-F159.F158","0","503",NA,"2013","2013-503","F159.F158","M",0.26938,8.911392406,11.52173913,-0.725864177,2.610346724,-0.623669107,"3",-0.262105858233244,2013
"297",1631,"2013-F162.F161","0","503",NA,"2013","2013-503","F162.F161","F",0.26938,8.911392406,11.52173913,-0.725864177,2.610346724,-0.623669107,"3",-0.262105858233244,2013
"298",1632,"2013-F164.F163","0","303",NA,"2013","2013-303","F164.F163","F",0.26028,8.911392406,7.954545455,-0.725864177,-0.956846951,-1.002003324,"3",-0.750481780716483,2013
"299",1633,"2013-F172.F171","0","113",NA,"2013","2013-113","F172.F171","M",0.85448,8.911392406,11.95652174,-0.725864177,3.045129333,-0.577556349,"3",-0.202580814993183,2013
"300",1634,"2013-F175.F174","0","112",NA,"2013","2013-112","F175.F174","M",0.84576,8.911392406,13.47826087,-0.725864177,4.566868464,-0.416161696,"3",0.00575683627857398,2013
"301",1635,"2013-F182.F181","0","304",NA,"2013","2013-304","F182.F181","F",0.65654,8.911392406,10.4,-0.725864177,1.488607594,-0.742640022,"3",-0.415680469625572,2013
"302",1636,"2013-F188.F189","0","203",NA,"2013","2013-203","F188.F189","M",0.19949,8.911392406,11.25,-0.725864177,2.338607594,-0.65248958,"3",-0.299309010172714,2013
"303",1637,"2013-F192.F191","0","202",NA,"2013","2013-202","F192.F191","M",0.19949,8.911392406,11.25,-0.725864177,2.338607594,-0.65248958,"3",-0.299309010172714,2013
"304",1638,"2013-F199.F200","0","803",NA,"2013","2013-803","F199.F200","F",0.5879,8.911392406,6.739130435,-0.725864177,-2.172261971,-1.130909443,"3",-0.916881333326276,2013
"305",1639,"2013-F201.E484","0","113",NA,"2013","2013-113","F201.E484","M",0.85448,8.911392406,11.95652174,-0.725864177,3.045129333,-0.577556349,"3",-0.202580814993183,2013
"306",1640,"2013-F203.F204","0","112",NA,"2013","2013-112","F203.F204","F",0.84576,8.911392406,13.47826087,-0.725864177,4.566868464,-0.416161696,"3",0.00575683627857398,2013
"307",1641,"2013-F206.F205","0","112",NA,"2013","2013-112","F206.F205","F",0.84576,8.911392406,13.47826087,-0.725864177,4.566868464,-0.416161696,"3",0.00575683627857398,2013
"308",1642,"2013-F207.F208","0","112",NA,"2013","2013-112","F207.F208","M",0.84576,8.911392406,13.47826087,-0.725864177,4.566868464,-0.416161696,"3",0.00575683627857398,2013
"309",1643,"2013-F210.F209","0","112",NA,"2013","2013-112","F210.F209","M",0.84576,8.911392406,13.47826087,-0.725864177,4.566868464,-0.416161696,"3",0.00575683627857398,2013
"310",1644,"2013-F219.F220","0","111",NA,"2013","2013-111","F219.F220","M",0.84576,8.911392406,21.08695652,-0.725864177,12.17556412,0.390811565,"3",1.04744509277427,2013
"311",1645,"2013-F223.F222","0","402",NA,"2013","2013-402","F223.F222","M",0.85448,8.911392406,4.615384615,-0.725864177,-4.296007791,-1.356152529,"3",-1.20763827518546,2013
"312",1646,"2013-F256.F255","0","202",NA,"2013","2013-202","F256.F255","M",0.19949,8.911392406,11.25,-0.725864177,2.338607594,-0.65248958,"3",-0.299309010172714,2013
"313",1647,"2013-F272.F271","0","201",NA,"2013","2013-201","F272.F271","M",0.30549,8.911392406,17.29166667,-0.725864177,8.380274261,-0.011714383,"3",0.527841069317255,2013
"314",1648,"2013-F275.F274","0","201",NA,"2013","2013-201","F275.F274","M",0.30549,8.911392406,17.29166667,-0.725864177,8.380274261,-0.011714383,"3",0.527841069317255,2013
"315",1649,"2013-F280.F281","0","111",NA,"2013","2013-111","F280.F281","F",0.84576,8.911392406,21.08695652,-0.725864177,12.17556412,0.390811565,"3",1.04744509277427,2013
"316",1650,"2013-F300.F299","0","803",NA,"2013","2013-803","F300.F299","M",0.5879,8.911392406,6.739130435,-0.725864177,-2.172261971,-1.130909443,"3",-0.916881333326276,2013
"317",1651,"2013-F309.F308","0","801",NA,"2013","2013-801","F309.F308","M",0.5879,8.911392406,7.391304348,-0.725864177,-1.520088058,-1.061740306,"3",-0.82759376853464,2013
"318",1652,"2013-F311.F310","0","801",NA,"2013","2013-801","F311.F310","M",0.5879,8.911392406,7.391304348,-0.725864177,-1.520088058,-1.061740306,"3",-0.82759376853464,2013
"319",1653,"2013-F365.F366","0","503",NA,"2013","2013-503","F365.F366","F",0.26938,8.911392406,11.52173913,-0.725864177,2.610346724,-0.623669107,"3",-0.262105858233244,2013
"320",1654,"2013-F368.F367","0","503",NA,"2013","2013-503","F368.F367","F",0.26938,8.911392406,11.52173913,-0.725864177,2.610346724,-0.623669107,"3",-0.262105858233244,2013
"321",1655,"2013-F378.F379","0","112",NA,"2013","2013-112","F378.F379","M",0.84576,8.911392406,13.47826087,-0.725864177,4.566868464,-0.416161696,"3",0.00575683627857398,2013
"322",1656,"2013-F436.F437","0","304",NA,"2013","2013-304","F436.F437","M",0.65654,8.911392406,10.4,-0.725864177,1.488607594,-0.742640022,"3",-0.415680469625572,2013
"323",1657,"2013-F439.F438","0","304",NA,"2013","2013-304","F439.F438","M",0.65654,8.911392406,10.4,-0.725864177,1.488607594,-0.742640022,"3",-0.415680469625572,2013
"324",1658,"2013-F440.F441","0","304",NA,"2013","2013-304","F440.F441","M",0.65654,8.911392406,10.4,-0.725864177,1.488607594,-0.742640022,"3",-0.415680469625572,2013
"325",1659,"2013-F443.F442","0","202",NA,"2013","2013-202","F443.F442","F",0.19949,8.911392406,11.25,-0.725864177,2.338607594,-0.65248958,"3",-0.299309010172714,2013
"326",1660,"2013-F464.F465","0","113",NA,"2013","2013-113","F464.F465","F",0.85448,8.911392406,11.95652174,-0.725864177,3.045129333,-0.577556349,"3",-0.202580814993183,2013
"327",1661,"2013-F507.F506","0","401",NA,"2013","2013-401","F507.F506","F",0.26028,8.911392406,2,-0.725864177,-6.911392406,-1.633538503,"3",-1.56570430421852,2013
"328",1662,"2013-F511.F510","0","503",NA,"2013","2013-503","F511.F510","F",0.26938,8.911392406,11.52173913,-0.725864177,2.610346724,-0.623669107,"3",-0.262105858233244,2013
"329",1663,"2013-F515.F514","0","503",NA,"2013","2013-503","F515.F514","F",0.26938,8.911392406,11.52173913,-0.725864177,2.610346724,-0.623669107,"3",-0.262105858233244,2013
"330",1664,"2013-F556.F557","0","901",NA,"2013","2013-901","F556.F557","F",0.96596,8.911392406,1.956521739,-0.725864177,-6.954870667,-1.638149779,"3",-1.57165680855622,2013
"331",1665,"2014-C376.F051","0","111",NA,"2014","2014-111","C376.F051","F",0.84576,16.32394366,23.47826087,0.52977609,7.154317207,0.644431733,"3",0.359998232140189,2014
"332",1666,"2014-C835.C834","0","703",NA,"2014","2014-703","C835.C834","F",0.1143,16.32394366,9.523809524,0.52977609,-6.800134139,-0.835568208,"3",-1.55047220197501,2014
"333",1667,"2014-C843.C842","0","703",NA,"2014","2014-703","C843.C842","M",0.1143,16.32394366,9.523809524,0.52977609,-6.800134139,-0.835568208,"3",-1.55047220197501,2014
"334",1668,"2014-F188.F189","0","202",NA,"2014","2014-202","F188.F189","M",0.19949,16.32394366,32.14285714,0.52977609,15.81891348,1.563393121,"3",1.54624730726819,2014
"335",1669,"2014-F201.E484","0","113",NA,"2014","2014-113","F201.E484","M",0.85448,16.32394366,8.947368421,0.52977609,-7.376575241,-0.896705173,"3",-1.62939136942013,2014
"336",1670,"2014-F226.F227","0","203",NA,"2014","2014-203","F226.F227","M",0.19949,16.32394366,22.85714286,0.52977609,6.533199195,0.578556365,"3",0.274962456200309,2014
"337",1671,"2014-F228.F229","0","112",NA,"2014","2014-112","F228.F229","F",0.84576,16.32394366,11.81818182,0.52977609,-4.505761844,-0.59222859,"3",-1.23635519903695,2014
"338",1672,"2014-F231.F230","0","112",NA,"2014","2014-112","F231.F230","F",0.84576,16.32394366,11.81818182,0.52977609,-4.505761844,-0.59222859,"3",-1.23635519903695,2014
"339",1673,"2014-F241.F240","0","111",NA,"2014","2014-111","F241.F240","F",0.84576,16.32394366,23.47826087,0.52977609,7.154317207,0.644431733,"3",0.359998232140189,2014
"340",1674,"2014-F260.F259","0","201",NA,"2014","2014-201","F260.F259","F",0.30549,16.32394366,27.85714286,0.52977609,11.53319919,1.10885308,"3",0.959500452297288,2014
"341",1675,"2014-F301.F475","0","803",NA,"2014","2014-803","F301.F475","M",0.5879,16.32394366,6.388888889,0.52977609,-9.935054774,-1.168055831,"3",-1.9796666602854,2014
"342",1676,"2014-F399.F398","0","501",NA,"2014","2014-501","F399.F398","M",0.26938,16.32394366,11.36363636,0.52977609,-4.960307299,-0.640437383,"3",-1.29858592607931,2014
"343",1677,"2014-F428.F429","0","202",NA,"2014","2014-202","F428.F429","M",0.19949,16.32394366,32.14285714,0.52977609,15.81891348,1.563393121,"3",1.54624730726819,2014
"344",1678,"2014-F451.F425","0","111",NA,"2014","2014-111","F451.F425","M",0.84576,16.32394366,23.47826087,0.52977609,7.154317207,0.644431733,"3",0.359998232140189,2014
"345",1679,"2014-F515.F514","0","503",NA,"2014","2014-503","F515.F514","F",0.26938,16.32394366,28.57142857,0.52977609,12.24748491,1.184609753,"3",1.05729159547698,2014
"346",1680,"2014-F529.F528","0","803",NA,"2014","2014-803","F529.F528","M",0.5879,16.32394366,6.388888889,0.52977609,-9.935054774,-1.168055831,"3",-1.9796666602854,2014
"347",1681,"2014-F532.F533","1","703","701","2014","2014-703","F532.F533","M",0.1143,16.32394366,9.523809524,0.52977609,-6.800134139,-0.835568208,"3",-1.55047220197501,2014
"348",1682,"2014-F538.F537","0","402",NA,"2014","2014-402","F538.F537","F",0.85448,16.32394366,10,0.52977609,-6.323943662,-0.785063759,"3",-1.4852781069326,2014
"349",1683,"2014-F542.F541","0","111",NA,"2014","2014-111","F542.F541","F",0.84576,16.32394366,23.47826087,0.52977609,7.154317207,0.644431733,"3",0.359998232140189,2014
"350",1684,"2014-F579.F578","0","202",NA,"2014","2014-202","F579.F578","M",0.19949,16.32394366,32.14285714,0.52977609,15.81891348,1.563393121,"3",1.54624730726819,2014
"351",1685,"2014-F590.F592","0","203",NA,"2014","2014-203","F590.F592","F",0.19949,16.32394366,22.85714286,0.52977609,6.533199195,0.578556365,"3",0.274962456200309,2014
"352",1686,"2014-F603.F602","0","111",NA,"2014","2014-111","F603.F602","F",0.84576,16.32394366,23.47826087,0.52977609,7.154317207,0.644431733,"3",0.359998232140189,2014
"353",1687,"2014-F605.F606","0","402",NA,"2014","2014-402","F605.F606","M",0.85448,16.32394366,10,0.52977609,-6.323943662,-0.785063759,"3",-1.4852781069326,2014
"354",1688,"2014-F607.F608","0","402",NA,"2014","2014-402","F607.F608","M",0.85448,16.32394366,10,0.52977609,-6.323943662,-0.785063759,"3",-1.4852781069326,2014
"355",1689,"2014-F612.F613","0","304",NA,"2014","2014-304","F612.F613","F",0.65654,16.32394366,36.36363636,0.52977609,20.0396927,2.011046192,"3",2.12410405769136,2014
"356",1690,"2014-F615.F614","0","304",NA,"2014","2014-304","F615.F614","M",0.65654,16.32394366,36.36363636,0.52977609,20.0396927,2.011046192,"3",2.12410405769136,2014
"357",1691,"2014-F624.F623","0","201",NA,"2014","2014-201","F624.F623","M",0.30549,16.32394366,27.85714286,0.52977609,11.53319919,1.10885308,"3",0.959500452297288,2014
"358",1692,"2014-F625.E377","0","203",NA,"2014","2014-203","F625.E377","F",0.19949,16.32394366,22.85714286,0.52977609,6.533199195,0.578556365,"3",0.274962456200309,2014
"359",1693,"2014-F627.F626","0","503",NA,"2014","2014-503","F627.F626","M",0.26938,16.32394366,28.57142857,0.52977609,12.24748491,1.184609753,"3",1.05729159547698,2014
"360",1694,"2014-F632.F633","0","303",NA,"2014","2014-303","F632.F633","F",0.26028,16.32394366,15.75,0.52977609,-0.573943662,-0.175222537,"3",-0.69805941063386,2014
"361",1695,"2014-F634.F635","0","503",NA,"2014","2014-503","F634.F635","M",0.26938,16.32394366,28.57142857,0.52977609,12.24748491,1.184609753,"3",1.05729159547698,2014
"362",1696,"2014-F652.F651","0","113",NA,"2014","2014-113","F652.F651","F",0.85448,16.32394366,8.947368421,0.52977609,-7.376575241,-0.896705173,"3",-1.62939136942013,2014
"363",1697,"2014-F657.F658","0","304",NA,"2014","2014-304","F657.F658","M",0.65654,16.32394366,36.36363636,0.52977609,20.0396927,2.011046192,"3",2.12410405769136,2014
"364",1698,"2014-F664.F666","0","304",NA,"2014","2014-304","F664.F666","M",0.65654,16.32394366,36.36363636,0.52977609,20.0396927,2.011046192,"3",2.12410405769136,2014
"365",1699,"2014-F667.F668","0","201",NA,"2014","2014-201","F667.F668","M",0.30549,16.32394366,27.85714286,0.52977609,11.53319919,1.10885308,"3",0.959500452297288,2014
"366",1700,"2014-F669.F670","0","304",NA,"2014","2014-304","F669.F670","F",0.65654,16.32394366,36.36363636,0.52977609,20.0396927,2.011046192,"3",2.12410405769136,2014
"367",1701,"2014-F678.F679","0","503",NA,"2014","2014-503","F678.F679","M",0.26938,16.32394366,28.57142857,0.52977609,12.24748491,1.184609753,"3",1.05729159547698,2014
"368",1702,"2014-F681.F680","0","503",NA,"2014","2014-503","F681.F680","F",0.26938,16.32394366,28.57142857,0.52977609,12.24748491,1.184609753,"3",1.05729159547698,2014
"369",1703,"2014-F686.F685","0","303",NA,"2014","2014-303","F686.F685","M",0.26028,16.32394366,15.75,0.52977609,-0.573943662,-0.175222537,"3",-0.69805941063386,2014
"370",1704,"2014-F703.F704","0","303",NA,"2014","2014-303","F703.F704","M",0.26028,16.32394366,15.75,0.52977609,-0.573943662,-0.175222537,"3",-0.69805941063386,2014
"371",1705,"2014-F715.F849","0","201",NA,"2014","2014-201","F715.F849","M",0.30549,16.32394366,27.85714286,0.52977609,11.53319919,1.10885308,"3",0.959500452297288,2014
"372",1706,"2014-F724.F725","0","304",NA,"2014","2014-304","F724.F725","M",0.65654,16.32394366,36.36363636,0.52977609,20.0396927,2.011046192,"3",2.12410405769136,2014
"373",1707,"2014-F730.F731","0","304",NA,"2014","2014-304","F730.F731","F",0.65654,16.32394366,36.36363636,0.52977609,20.0396927,2.011046192,"3",2.12410405769136,2014
"374",1708,"2014-F734.F735","0","202",NA,"2014","2014-202","F734.F735","F",0.19949,16.32394366,32.14285714,0.52977609,15.81891348,1.563393121,"3",1.54624730726819,2014
"375",1709,"2014-F737.F738","0","202",NA,"2014","2014-202","F737.F738","F",0.19949,16.32394366,32.14285714,0.52977609,15.81891348,1.563393121,"3",1.54624730726819,2014
"376",1710,"2014-F739.F740","0","202",NA,"2014","2014-202","F739.F740","M",0.19949,16.32394366,32.14285714,0.52977609,15.81891348,1.563393121,"3",1.54624730726819,2014
"377",1711,"2014-F745.F746","0","201",NA,"2014","2014-201","F745.F746","F",0.30549,16.32394366,27.85714286,0.52977609,11.53319919,1.10885308,"3",0.959500452297288,2014
"378",1712,"2014-F749.F750","0","201",NA,"2014","2014-201","F749.F750","M",0.30549,16.32394366,27.85714286,0.52977609,11.53319919,1.10885308,"3",0.959500452297288,2014
"379",1713,"2014-F774.F775","1","703","701","2014","2014-703","F774.F775","M",0.1143,16.32394366,9.523809524,0.52977609,-6.800134139,-0.835568208,"3",-1.55047220197501,2014
"380",1714,"2014-F782.F781","0","803",NA,"2014","2014-803","F782.F781","M",0.5879,16.32394366,6.388888889,0.52977609,-9.935054774,-1.168055831,"3",-1.9796666602854,2014
"381",1715,"2014-F786.F787","0","111",NA,"2014","2014-111","F786.F787","M",0.84576,16.32394366,23.47826087,0.52977609,7.154317207,0.644431733,"3",0.359998232140189,2014
"382",1716,"2014-F791.F794","0","111",NA,"2014","2014-111","F791.F794","F",0.84576,16.32394366,23.47826087,0.52977609,7.154317207,0.644431733,"3",0.359998232140189,2014
"383",1717,"2014-F793.F792","0","111",NA,"2014","2014-111","F793.F792","M",0.84576,16.32394366,23.47826087,0.52977609,7.154317207,0.644431733,"3",0.359998232140189,2014
"384",1718,"2014-F799.F800","0","111",NA,"2014","2014-111","F799.F800","M",0.84576,16.32394366,23.47826087,0.52977609,7.154317207,0.644431733,"3",0.359998232140189,2014
"385",1719,"2014-F816.F815","0","112",NA,"2014","2014-112","F816.F815","F",0.84576,16.32394366,11.81818182,0.52977609,-4.505761844,-0.59222859,"3",-1.23635519903695,2014
"386",1720,"2014-F822.F821","0","112",NA,"2014","2014-112","F822.F821","F",0.84576,16.32394366,11.81818182,0.52977609,-4.505761844,-0.59222859,"3",-1.23635519903695,2014
"387",1721,"2014-F824.F825","0","111",NA,"2014","2014-111","F824.F825","M",0.84576,16.32394366,23.47826087,0.52977609,7.154317207,0.644431733,"3",0.359998232140189,2014
"388",1722,"2014-F830.F831","0","202",NA,"2014","2014-202","F830.F831","F",0.19949,16.32394366,32.14285714,0.52977609,15.81891348,1.563393121,"3",1.54624730726819,2014
"389",1723,"2014-F832.F833","0","202",NA,"2014","2014-202","F832.F833","M",0.19949,16.32394366,32.14285714,0.52977609,15.81891348,1.563393121,"3",1.54624730726819,2014
"390",1724,"2014-F834.F835","0","203",NA,"2014","2014-203","F834.F835","M",0.19949,16.32394366,22.85714286,0.52977609,6.533199195,0.578556365,"3",0.274962456200309,2014
"391",1725,"2014-F840.F841","0","203",NA,"2014","2014-203","F840.F841","M",0.19949,16.32394366,22.85714286,0.52977609,6.533199195,0.578556365,"3",0.274962456200309,2014
"392",1726,"2014-F853.F854","0","701",NA,"2014","2014-701","F853.F854","F",0.1143,16.32394366,7.857142857,0.52977609,-8.466800805,-1.01233378,"3",-1.77865153414424,2014
"393",1727,"2014-F867.F866","1","803","801","2014","2014-803","F867.F866","M",0.5879,16.32394366,6.388888889,0.52977609,-9.935054774,-1.168055831,"3",-1.9796666602854,2014
"394",1728,"2014-F868.F785","0","801",NA,"2014","2014-801","F868.F785","M",0.5879,16.32394366,10.2173913,0.52977609,-6.106552358,-0.76200738,"3",-1.45551558538103,2014
"395",1729,"2014-F870.F869","0","801",NA,"2014","2014-801","F870.F869","M",0.5879,16.32394366,10.2173913,0.52977609,-6.106552358,-0.76200738,"3",-1.45551558538103,2014
"396",1730,"2014-F885.F886","0","112",NA,"2014","2014-112","F885.F886","F",0.84576,16.32394366,11.81818182,0.52977609,-4.505761844,-0.59222859,"3",-1.23635519903695,2014
"397",1731,"2014-F893.F891","0","111",NA,"2014","2014-111","F893.F891","F",0.84576,16.32394366,23.47826087,0.52977609,7.154317207,0.644431733,"3",0.359998232140189,2014
"398",1732,"2014-F897.F898","0","402",NA,"2014","2014-402","F897.F898","M",0.85448,16.32394366,10,0.52977609,-6.323943662,-0.785063759,"3",-1.4852781069326,2014
"399",1733,"2014-F908.F909","0","503",NA,"2014","2014-503","F908.F909","F",0.26938,16.32394366,28.57142857,0.52977609,12.24748491,1.184609753,"3",1.05729159547698,2014
"400",1734,"2014-F910.F911","0","202",NA,"2014","2014-202","F910.F911","F",0.19949,16.32394366,32.14285714,0.52977609,15.81891348,1.563393121,"3",1.54624730726819,2014
"401",1735,"2014-F912.F913","0","202",NA,"2014","2014-202","F912.F913","F",0.19949,16.32394366,32.14285714,0.52977609,15.81891348,1.563393121,"3",1.54624730726819,2014
"402",1736,"2014-F924.F925","0","503",NA,"2014","2014-503","F924.F925","F",0.26938,16.32394366,28.57142857,0.52977609,12.24748491,1.184609753,"3",1.05729159547698,2014
"403",1737,"2014-F930.F929","0","503",NA,"2014","2014-503","F930.F929","F",0.26938,16.32394366,28.57142857,0.52977609,12.24748491,1.184609753,"3",1.05729159547698,2014
"404",1738,"2014-F937.F938","0","803",NA,"2014","2014-803","F937.F938","F",0.5879,16.32394366,6.388888889,0.52977609,-9.935054774,-1.168055831,"3",-1.9796666602854,2014
"405",1739,"2014-F946.F947","0","202",NA,"2014","2014-202","F946.F947","M",0.19949,16.32394366,32.14285714,0.52977609,15.81891348,1.563393121,"3",1.54624730726819,2014
"406",1740,"2014-F954.F955","0","303",NA,"2014","2014-303","F954.F955","F",0.26028,16.32394366,15.75,0.52977609,-0.573943662,-0.175222537,"3",-0.69805941063386,2014
"407",1741,"2014-F958.F959","0","304",NA,"2014","2014-304","F958.F959","F",0.65654,16.32394366,36.36363636,0.52977609,20.0396927,2.011046192,"3",2.12410405769136,2014
"408",1742,"2014-F960.F961","0","304",NA,"2014","2014-304","F960.F961","F",0.65654,16.32394366,36.36363636,0.52977609,20.0396927,2.011046192,"3",2.12410405769136,2014
"409",1743,"2014-F966.F967","0","202",NA,"2014","2014-202","F966.F967","M",0.19949,16.32394366,32.14285714,0.52977609,15.81891348,1.563393121,"3",1.54624730726819,2014
"410",1744,"2014-G001.G002","0","304",NA,"2014","2014-304","G001.G002","F",0.65654,16.32394366,36.36363636,0.52977609,20.0396927,2.011046192,"3",2.12410405769136,2014
"411",1745,"2014-G003.G004","0","304",NA,"2014","2014-304","G003.G004","F",0.65654,16.32394366,36.36363636,0.52977609,20.0396927,2.011046192,"3",2.12410405769136,2014
"412",1746,"2014-G006.G007","0","201",NA,"2014","2014-201","G006.G007","M",0.30549,16.32394366,27.85714286,0.52977609,11.53319919,1.10885308,"3",0.959500452297288,2014
"413",1747,"2014-G008.G009","0","202",NA,"2014","2014-202","G008.G009","F",0.19949,16.32394366,32.14285714,0.52977609,15.81891348,1.563393121,"3",1.54624730726819,2014
"414",1748,"2014-G010.G011","0","202",NA,"2014","2014-202","G010.G011","M",0.19949,16.32394366,32.14285714,0.52977609,15.81891348,1.563393121,"3",1.54624730726819,2014
"415",1749,"2014-G029.G030","0","501",NA,"2014","2014-501","G029.G030","M",0.26938,16.32394366,11.36363636,0.52977609,-4.960307299,-0.640437383,"3",-1.29858592607931,2014
"416",1750,"2014-G037.G038","0","202",NA,"2014","2014-202","G037.G038","M",0.19949,16.32394366,32.14285714,0.52977609,15.81891348,1.563393121,"3",1.54624730726819,2014
"417",1751,"2014-G049.G050","0","201",NA,"2014","2014-201","G049.G050","M",0.30549,16.32394366,27.85714286,0.52977609,11.53319919,1.10885308,"3",0.959500452297288,2014
"418",1752,"2014-G060.G061","0","701",NA,"2014","2014-701","G060.G061","M",0.1143,16.32394366,7.857142857,0.52977609,-8.466800805,-1.01233378,"3",-1.77865153414424,2014
"419",1753,"2014-G063.G062","0","703",NA,"2014","2014-703","G063.G062","M",0.1143,16.32394366,9.523809524,0.52977609,-6.800134139,-0.835568208,"3",-1.55047220197501,2014
"420",1754,"2014-G076.G077","1","503","501","2014","2014-503","G076.G077","M",0.26938,16.32394366,28.57142857,0.52977609,12.24748491,1.184609753,"3",1.05729159547698,2014
"421",1755,"2014-G079.G080","0","501",NA,"2014","2014-501","G079.G080","F",0.26938,16.32394366,11.36363636,0.52977609,-4.960307299,-0.640437383,"3",-1.29858592607931,2014
"422",1756,"2014-G081.G082","0","304",NA,"2014","2014-304","G081.G082","F",0.65654,16.32394366,36.36363636,0.52977609,20.0396927,2.011046192,"3",2.12410405769136,2014
"423",1757,"2014-G083.G084","0","304",NA,"2014","2014-304","G083.G084","M",0.65654,16.32394366,36.36363636,0.52977609,20.0396927,2.011046192,"3",2.12410405769136,2014
"424",1758,"2014-G088.G089","0","203",NA,"2014","2014-203","G088.G089","M",0.19949,16.32394366,22.85714286,0.52977609,6.533199195,0.578556365,"3",0.274962456200309,2014
"425",1759,"2014-G096.G097","0","201",NA,"2014","2014-201","G096.G097","F",0.30549,16.32394366,27.85714286,0.52977609,11.53319919,1.10885308,"3",0.959500452297288,2014
"426",1760,"2014-G107.G149","0","203",NA,"2014","2014-203","G107.G149","F",0.19949,16.32394366,22.85714286,0.52977609,6.533199195,0.578556365,"3",0.274962456200309,2014
"427",1761,"2014-G118.G119","0","303",NA,"2014","2014-303","G118.G119","F",0.26028,16.32394366,15.75,0.52977609,-0.573943662,-0.175222537,"3",-0.69805941063386,2014
"428",1762,"2014-G126.G127","0","201",NA,"2014","2014-201","G126.G127","M",0.30549,16.32394366,27.85714286,0.52977609,11.53319919,1.10885308,"3",0.959500452297288,2014
"429",1763,"2014-G133.G134","0","304",NA,"2014","2014-304","G133.G134","M",0.65654,16.32394366,36.36363636,0.52977609,20.0396927,2.011046192,"3",2.12410405769136,2014
"430",1764,"2014-G135.G136","0","501",NA,"2014","2014-501","G135.G136","M",0.26938,16.32394366,11.36363636,0.52977609,-4.960307299,-0.640437383,"3",-1.29858592607931,2014
"431",1765,"2014-G137.G138","0","503",NA,"2014","2014-503","G137.G138","F",0.26938,16.32394366,28.57142857,0.52977609,12.24748491,1.184609753,"3",1.05729159547698,2014
"432",1766,"2014-G141.G142","0","201",NA,"2014","2014-201","G141.G142","M",0.30549,16.32394366,27.85714286,0.52977609,11.53319919,1.10885308,"3",0.959500452297288,2014
"433",1767,"2014-G152.G153","0","111",NA,"2014","2014-111","G152.G153","F",0.84576,16.32394366,23.47826087,0.52977609,7.154317207,0.644431733,"3",0.359998232140189,2014
"434",1768,"2014-G173.G172","0","112",NA,"2014","2014-112","G173.G172","M",0.84576,16.32394366,11.81818182,0.52977609,-4.505761844,-0.59222859,"3",-1.23635519903695,2014
"435",1769,"2014-G200.G201","0","111",NA,"2014","2014-111","G200.G201","F",0.84576,16.32394366,23.47826087,0.52977609,7.154317207,0.644431733,"3",0.359998232140189,2014
"436",1770,"2014-G204.G205","0","111",NA,"2014","2014-111","G204.G205","F",0.84576,16.32394366,23.47826087,0.52977609,7.154317207,0.644431733,"3",0.359998232140189,2014
"437",1771,"2014-G257.G258","0","201",NA,"2014","2014-201","G257.G258","F",0.30549,16.32394366,27.85714286,0.52977609,11.53319919,1.10885308,"3",0.959500452297288,2014
"438",1772,"2014-G259.G260","0","401",NA,"2014","2014-401","G259.G260","F",0.26028,16.32394366,7.142857143,0.52977609,-9.18108652,-1.088090453,"3",-1.87644267663939,2014
"439",1773,"2014-G261.G262","0","303",NA,"2014","2014-303","G261.G262","F",0.26028,16.32394366,15.75,0.52977609,-0.573943662,-0.175222537,"3",-0.69805941063386,2014
"440",1774,"2014-G276.G250","0","303",NA,"2014","2014-303","G276.G250","M",0.26028,16.32394366,15.75,0.52977609,-0.573943662,-0.175222537,"3",-0.69805941063386,2014
"441",1775,"2014-G278.G279","0","303",NA,"2014","2014-303","G278.G279","M",0.26028,16.32394366,15.75,0.52977609,-0.573943662,-0.175222537,"3",-0.69805941063386,2014
"442",1776,"2014-G287.G288","0","503",NA,"2014","2014-503","G287.G288","F",0.26938,16.32394366,28.57142857,0.52977609,12.24748491,1.184609753,"3",1.05729159547698,2014
"443",1777,"2014-G297.G298","0","503",NA,"2014","2014-503","G297.G298","F",0.26938,16.32394366,28.57142857,0.52977609,12.24748491,1.184609753,"3",1.05729159547698,2014
"444",1778,"2014-G299.G300","0","503",NA,"2014","2014-503","G299.G300","F",0.26938,16.32394366,28.57142857,0.52977609,12.24748491,1.184609753,"3",1.05729159547698,2014
"445",1779,"2014-G304.G303","0","304",NA,"2014","2014-304","G304.G303","M",0.65654,16.32394366,36.36363636,0.52977609,20.0396927,2.011046192,"3",2.12410405769136,2014
"446",1780,"2014-G307.G308","0","503",NA,"2014","2014-503","G307.G308","F",0.26938,16.32394366,28.57142857,0.52977609,12.24748491,1.184609753,"3",1.05729159547698,2014
"447",1781,"2014-G309.G310","0","503",NA,"2014","2014-503","G309.G310","F",0.26938,16.32394366,28.57142857,0.52977609,12.24748491,1.184609753,"3",1.05729159547698,2014
"448",1782,"2014-G318.G319","0","401",NA,"2014","2014-401","G318.G319","F",0.26028,16.32394366,7.142857143,0.52977609,-9.18108652,-1.088090453,"3",-1.87644267663939,2014
"449",1783,"2014-G332.G333","0","201",NA,"2014","2014-201","G332.G333","F",0.30549,16.32394366,27.85714286,0.52977609,11.53319919,1.10885308,"3",0.959500452297288,2014
"450",1784,"2014-G354.G355","0","203",NA,"2014","2014-203","G354.G355","M",0.19949,16.32394366,22.85714286,0.52977609,6.533199195,0.578556365,"3",0.274962456200309,2014
"451",1785,"2014-G356.G357","0","202",NA,"2014","2014-202","G356.G357","M",0.19949,16.32394366,32.14285714,0.52977609,15.81891348,1.563393121,"3",1.54624730726819,2014
"452",1786,"2014-G362.G363","0","304",NA,"2014","2014-304","G362.G363","M",0.65654,16.32394366,36.36363636,0.52977609,20.0396927,2.011046192,"3",2.12410405769136,2014
"453",1787,"2014-G382.G383","0","701",NA,"2014","2014-701","G382.G383","M",0.1143,16.32394366,7.857142857,0.52977609,-8.466800805,-1.01233378,"3",-1.77865153414424,2014
"454",1788,"2014-G391.G392","0","111",NA,"2014","2014-111","G391.G392","F",0.84576,16.32394366,23.47826087,0.52977609,7.154317207,0.644431733,"3",0.359998232140189,2014
"455",1789,"2014-G396.G397","0","111",NA,"2014","2014-111","G396.G397","M",0.84576,16.32394366,23.47826087,0.52977609,7.154317207,0.644431733,"3",0.359998232140189,2014
"456",1790,"2014-G403.G404","0","202",NA,"2014","2014-202","G403.G404","F",0.19949,16.32394366,32.14285714,0.52977609,15.81891348,1.563393121,"3",1.54624730726819,2014
"457",1791,"2014-G405.G406","0","202",NA,"2014","2014-202","G405.G406","F",0.19949,16.32394366,32.14285714,0.52977609,15.81891348,1.563393121,"3",1.54624730726819,2014
"458",1792,"2014-G409.G410","0","304",NA,"2014","2014-304","G409.G410","M",0.65654,16.32394366,36.36363636,0.52977609,20.0396927,2.011046192,"3",2.12410405769136,2014
"459",1793,"2014-G412.G413","0","112",NA,"2014","2014-112","G412.G413","F",0.84576,16.32394366,11.81818182,0.52977609,-4.505761844,-0.59222859,"3",-1.23635519903695,2014
"460",1794,"2014-G428.G429","0","503",NA,"2014","2014-503","G428.G429","F",0.26938,16.32394366,28.57142857,0.52977609,12.24748491,1.184609753,"3",1.05729159547698,2014
"461",1795,"2014-G441.G442","0","503",NA,"2014","2014-503","G441.G442","M",0.26938,16.32394366,28.57142857,0.52977609,12.24748491,1.184609753,"3",1.05729159547698,2014
"462",1796,"2014-G464.G465","1","703","701","2014","2014-703","G464.G465","F",0.1143,16.32394366,9.523809524,0.52977609,-6.800134139,-0.835568208,"3",-1.55047220197501,2014
"463",1797,"2014-G466.G467","0","701",NA,"2014","2014-701","G466.G467","F",0.1143,16.32394366,7.857142857,0.52977609,-8.466800805,-1.01233378,"3",-1.77865153414424,2014
"464",1798,"2014-G511.G512","0","203",NA,"2014","2014-203","G511.G512","F",0.19949,16.32394366,22.85714286,0.52977609,6.533199195,0.578556365,"3",0.274962456200309,2014
"465",1799,"2014-G519.G520","0","304",NA,"2014","2014-304","G519.G520","F",0.65654,16.32394366,36.36363636,0.52977609,20.0396927,2.011046192,"3",2.12410405769136,2014
"466",1800,"2014-G522.G523","0","304",NA,"2014","2014-304","G522.G523","M",0.65654,16.32394366,36.36363636,0.52977609,20.0396927,2.011046192,"3",2.12410405769136,2014
"467",1801,"2014-G806.G807","0","111",NA,"2014","2014-111","G806.G807","M",0.84576,16.32394366,23.47826087,0.52977609,7.154317207,0.644431733,"3",0.359998232140189,2014
"468",1802,"2014-G831.G832","0","203",NA,"2014","2014-203","G831.G832","M",0.19949,16.32394366,22.85714286,0.52977609,6.533199195,0.578556365,"3",0.274962456200309,2014
"469",1803,"2014-G865.G866","0","801",NA,"2014","2014-801","G865.G866","F",0.5879,16.32394366,10.2173913,0.52977609,-6.106552358,-0.76200738,"3",-1.45551558538103,2014
"470",1804,"2014-G878.G879","0","201",NA,"2014","2014-201","G878.G879","M",0.30549,16.32394366,27.85714286,0.52977609,11.53319919,1.10885308,"3",0.959500452297288,2014
"471",1805,"2014-G882.G883","0","203",NA,"2014","2014-203","G882.G883","F",0.19949,16.32394366,22.85714286,0.52977609,6.533199195,0.578556365,"3",0.274962456200309,2014
"472",1806,"2015-2701.2702","0","501",NA,"2015","2015-501","2701.2702","F",0.26938,6.077922077,4.375,-1.205836499,-1.702922077,-1.381647563,"3",-0.852625135156594,2015
"473",1807,"2015-2706.2705","0","303",NA,"2015","2015-303","2706.2705","M",0.26028,6.077922077,6.19047619,-1.205836499,0.112554114,-1.189099351,"3",-0.604072648158259,2015
"474",1808,"2015-2707.2708","0","201",NA,"2015","2015-201","2707.2708","F",0.30549,6.077922077,10,-1.205836499,3.922077923,-0.785063759,"3",-0.0825198887773881,2015
"475",1809,"2015-2718.2719","0","202",NA,"2015","2015-202","2718.2719","F",0.19949,6.077922077,10.22727273,-1.205836499,4.14935065,-0.760959362,"3",-0.0514045253246576,2015
"476",1810,"2015-2720.2721","0","201",NA,"2015","2015-201","2720.2721","F",0.30549,6.077922077,10,-1.205836499,3.922077923,-0.785063759,"3",-0.0825198887773881,2015
"477",1811,"2015-2724.2725","1","503","501","2015","2015-503","2724.2725","M",0.26938,6.077922077,11.04166667,-1.205836499,4.96374459,-0.674585276,"3",0.0600921939310638,2015
"478",1812,"2015-G618.G619","0","304",NA,"2015","2015-304","G618.G619","F",0.65654,6.077922077,9.347826087,-1.205836499,3.26990401,-0.854232896,"3",-0.171807453569025,2015
"479",1813,"2015-G696.G697","0","201",NA,"2015","2015-201","G696.G697","M",0.30549,6.077922077,10,-1.205836499,3.922077923,-0.785063759,"3",-0.0825198887773881,2015
"480",1814,"2015-H002.H001","0","503",NA,"2015","2015-503","H002.H001","F",0.26938,6.077922077,11.04166667,-1.205836499,4.96374459,-0.674585276,"3",0.0600921939310638,2015
"481",1815,"2015-H006.H007","0","303",NA,"2015","2015-303","H006.H007","M",0.26028,6.077922077,6.19047619,-1.205836499,0.112554114,-1.189099351,"3",-0.604072648158259,2015
"482",1816,"2015-H016.H018","0","503",NA,"2015","2015-503","H016.H018","F",0.26938,6.077922077,11.04166667,-1.205836499,4.96374459,-0.674585276,"3",0.0600921939310638,2015
"483",1817,"2015-H017.H578","0","202",NA,"2015","2015-202","H017.H578","M",0.19949,6.077922077,10.22727273,-1.205836499,4.14935065,-0.760959362,"3",-0.0514045253246576,2015
"484",1818,"2015-H023.H024","0","201",NA,"2015","2015-201","H023.H024","F",0.30549,6.077922077,10,-1.205836499,3.922077923,-0.785063759,"3",-0.0825198887773881,2015
"485",1819,"2015-H028.H027","0","113",NA,"2015","2015-113","H028.H027","F",0.85448,6.077922077,5.625,-1.205836499,-0.452922077,-1.249073384,"3",-0.681490635961215,2015
"486",1820,"2015-H030.H029","0","111",NA,"2015","2015-111","H030.H029","M",0.84576,6.077922077,11.30434783,-1.205836499,5.226425749,-0.646725485,"3",0.0960552408058852,2015
"487",1821,"2015-H040.H039","0","111",NA,"2015","2015-111","H040.H039","M",0.84576,6.077922077,11.30434783,-1.205836499,5.226425749,-0.646725485,"3",0.0960552408058852,2015
"488",1822,"2015-H070.H071","0","803",NA,"2015","2015-803","H070.H071","M",0.5879,6.077922077,5.454545455,-1.205836499,-0.623376622,-1.267151681,"3",-0.704827158516536,2015
"489",1823,"2015-H073.H072","0","801",NA,"2015","2015-801","H073.H072","F",0.5879,6.077922077,5.454545455,-1.205836499,-0.623376622,-1.267151681,"3",-0.704827158516536,2015
"490",1824,"2015-H100.H099","0","111",NA,"2015","2015-111","H100.H099","M",0.84576,6.077922077,11.30434783,-1.205836499,5.226425749,-0.646725485,"3",0.0960552408058852,2015
"491",1825,"2015-H113.H114","0","303",NA,"2015","2015-303","H113.H114","M",0.26028,6.077922077,6.19047619,-1.205836499,0.112554114,-1.189099351,"3",-0.604072648158259,2015
"492",1826,"2015-H120.H121","0","501",NA,"2015","2015-501","H120.H121","M",0.26938,6.077922077,4.375,-1.205836499,-1.702922077,-1.381647563,"3",-0.852625135156594,2015
"493",1827,"2015-H131.H132","0","801",NA,"2015","2015-801","H131.H132","F",0.5879,6.077922077,5.454545455,-1.205836499,-0.623376622,-1.267151681,"3",-0.704827158516536,2015
"494",1828,"2015-H133.H134","0","801",NA,"2015","2015-801","H133.H134","M",0.5879,6.077922077,5.454545455,-1.205836499,-0.623376622,-1.267151681,"3",-0.704827158516536,2015
"495",1829,"2015-H135.H136","0","701",NA,"2015","2015-701","H135.H136","F",0.1143,6.077922077,3.863636364,-1.205836499,-2.214285713,-1.435882454,"3",-0.922634702959465,2015
"496",1830,"2015-H137.H138","1","701","703","2015","2015-701","H137.H138","M",0.1143,6.077922077,3.863636364,-1.205836499,-2.214285713,-1.435882454,"3",-0.922634702959465,2015
"497",1831,"2015-H139.H140","0","703",NA,"2015","2015-703","H139.H140","M",0.1143,6.077922077,5.454545455,-1.205836499,-0.623376622,-1.267151681,"3",-0.704827158516536,2015
"498",1832,"2015-H152.H153","0","304",NA,"2015","2015-304","H152.H153","M",0.65654,6.077922077,9.347826087,-1.205836499,3.26990401,-0.854232896,"3",-0.171807453569025,2015
"499",1833,"2015-H154.H155","0","304",NA,"2015","2015-304","H154.H155","M",0.65654,6.077922077,9.347826087,-1.205836499,3.26990401,-0.854232896,"3",-0.171807453569025,2015
"500",1834,"2015-H166.H167","0","111",NA,"2015","2015-111","H166.H167","F",0.84576,6.077922077,11.30434783,-1.205836499,5.226425749,-0.646725485,"3",0.0960552408058852,2015
"501",1835,"2015-H172.H173","0","113",NA,"2015","2015-113","H172.H173","M",0.85448,6.077922077,5.625,-1.205836499,-0.452922077,-1.249073384,"3",-0.681490635961215,2015
"502",1836,"2015-H172.rip","0","113",NA,"2015","2015-113","H172.rip","M",0.85448,6.077922077,5.625,-1.205836499,-0.452922077,-1.249073384,"3",-0.681490635961215,2015
"503",1837,"2015-H184.H185","1","703","701","2015","2015-703","H184.H185","M",0.1143,6.077922077,5.454545455,-1.205836499,-0.623376622,-1.267151681,"3",-0.704827158516536,2015
"504",1838,"2015-H188.H189","0","803",NA,"2015","2015-803","H188.H189","F",0.5879,6.077922077,5.454545455,-1.205836499,-0.623376622,-1.267151681,"3",-0.704827158516536,2015
"505",1839,"2015-H205.H206","0","201",NA,"2015","2015-201","H205.H206","M",0.30549,6.077922077,10,-1.205836499,3.922077923,-0.785063759,"3",-0.0825198887773881,2015
"506",1840,"2015-H211.H212","0","203",NA,"2015","2015-203","H211.H212","F",0.19949,6.077922077,8.181818182,-1.205836499,2.103896105,-0.977898928,"3",-0.331442796673047,2015
"507",1841,"2015-H213.H214","0","304",NA,"2015","2015-304","H213.H214","F",0.65654,6.077922077,9.347826087,-1.205836499,3.26990401,-0.854232896,"3",-0.171807453569025,2015
"508",1842,"2015-H224.H225","0","703",NA,"2015","2015-703","H224.H225","M",0.1143,6.077922077,5.454545455,-1.205836499,-0.623376622,-1.267151681,"3",-0.704827158516536,2015
"509",1843,"2015-H231.H232","0","203",NA,"2015","2015-203","H231.H232","F",0.19949,6.077922077,8.181818182,-1.205836499,2.103896105,-0.977898928,"3",-0.331442796673047,2015
"510",1844,"2015-H251.H252","0","304",NA,"2015","2015-304","H251.H252","F",0.65654,6.077922077,9.347826087,-1.205836499,3.26990401,-0.854232896,"3",-0.171807453569025,2015
"511",1845,"2015-H257.H258","1","113","111","2015","2015-113","H257.H258","F",0.85448,6.077922077,5.625,-1.205836499,-0.452922077,-1.249073384,"3",-0.681490635961215,2015
"512",1846,"2015-H259.H260","0","112",NA,"2015","2015-112","H259.H260","M",0.84576,6.077922077,2.826086957,-1.205836499,-3.25183512,-1.545924263,"3",-1.06468310148539,2015
"513",1847,"2015-H263.H264","0","304",NA,"2015","2015-304","H263.H264","F",0.65654,6.077922077,9.347826087,-1.205836499,3.26990401,-0.854232896,"3",-0.171807453569025,2015
"514",1848,"2015-H272.H273","0","203",NA,"2015","2015-203","H272.H273","M",0.19949,6.077922077,8.181818182,-1.205836499,2.103896105,-0.977898928,"3",-0.331442796673047,2015
"515",1849,"2015-H274.H275","0","201",NA,"2015","2015-201","H274.H275","M",0.30549,6.077922077,10,-1.205836499,3.922077923,-0.785063759,"3",-0.0825198887773881,2015
"516",1850,"2015-H280.H281","0","113",NA,"2015","2015-113","H280.H281","F",0.85448,6.077922077,5.625,-1.205836499,-0.452922077,-1.249073384,"3",-0.681490635961215,2015
"517",1851,"2015-H290.H291","0","901",NA,"2015","2015-901","H290.H291","F",0.96596,6.077922077,1.363636364,-1.205836499,-4.714285713,-1.701030812,"1",-1.26490370135022,2015
"518",1852,"2015-H296.H295","1","703","701","2015","2015-703","H296.H295","M",0.1143,6.077922077,5.454545455,-1.205836499,-0.623376622,-1.267151681,"3",-0.704827158516536,2015
"519",1853,"2015-H298.H297","0","503",NA,"2015","2015-503","H298.H297","M",0.26938,6.077922077,11.04166667,-1.205836499,4.96374459,-0.674585276,"3",0.0600921939310638,2015
"520",1854,"2015-H305.H306","0","111",NA,"2015","2015-111","H305.H306","F",0.84576,6.077922077,11.30434783,-1.205836499,5.226425749,-0.646725485,"3",0.0960552408058852,2015
"521",1855,"2015-H307.H308","0","112",NA,"2015","2015-112","H307.H308","F",0.84576,6.077922077,2.826086957,-1.205836499,-3.25183512,-1.545924263,"3",-1.06468310148539,2015
"522",1856,"2015-H322.H323","0","703",NA,"2015","2015-703","H322.H323","F",0.1143,6.077922077,5.454545455,-1.205836499,-0.623376622,-1.267151681,"3",-0.704827158516536,2015
"523",1857,"2015-H354.H355","0","803",NA,"2015","2015-803","H354.H355","M",0.5879,6.077922077,5.454545455,-1.205836499,-0.623376622,-1.267151681,"3",-0.704827158516536,2015
"524",1858,"2015-H374.H375","0","112",NA,"2015","2015-112","H374.H375","M",0.84576,6.077922077,2.826086957,-1.205836499,-3.25183512,-1.545924263,"3",-1.06468310148539,2015
"525",1859,"2015-H379.H380","0","801",NA,"2015","2015-801","H379.H380","F",0.5879,6.077922077,5.454545455,-1.205836499,-0.623376622,-1.267151681,"3",-0.704827158516536,2015
"526",1860,"2015-H398.H399","0","402",NA,"2015","2015-402","H398.H399","M",0.85448,6.077922077,2.391304348,-1.205836499,-3.686617729,-1.592037021,"3",-1.12420814472545,2015
"527",1861,"2015-H512.H511","0","303",NA,"2015","2015-303","H512.H511","F",0.26028,6.077922077,6.19047619,-1.205836499,0.112554114,-1.189099351,"3",-0.604072648158259,2015
"528",1862,"2015-H522.H523","0","503",NA,"2015","2015-503","H522.H523","F",0.26938,6.077922077,11.04166667,-1.205836499,4.96374459,-0.674585276,"3",0.0600921939310638,2015
"529",1863,"2015-H577.H576","0","203",NA,"2015","2015-203","H577.H576","M",0.19949,6.077922077,8.181818182,-1.205836499,2.103896105,-0.977898928,"3",-0.331442796673047,2015
"530",1864,"2015-H592.H593","0","203",NA,"2015","2015-203","H592.H593","F",0.19949,6.077922077,8.181818182,-1.205836499,2.103896105,-0.977898928,"3",-0.331442796673047,2015
"531",1865,"2015-H596.H541","0","202",NA,"2015","2015-202","H596.H541","M",0.19949,6.077922077,10.22727273,-1.205836499,4.14935065,-0.760959362,"3",-0.0514045253246576,2015
"532",1866,"2015-H596.H597","0","202",NA,"2015","2015-202","H596.H597","M",0.19949,6.077922077,10.22727273,-1.205836499,4.14935065,-0.760959362,"3",-0.0514045253246576,2015
"533",1867,"2015-rip.H132","0","801",NA,"2015","2015-801","rip.H132","F",0.5879,6.077922077,5.454545455,-1.205836499,-0.623376622,-1.267151681,"3",-0.704827158516536,2015
"534",1868,"2015-rip.H153","0","304",NA,"2015","2015-304","rip.H153","M",0.65654,6.077922077,9.347826087,-1.205836499,3.26990401,-0.854232896,"3",-0.171807453569025,2015
